".id","MABISA","MIMASA","MIMASB","MIMASC","MORRSA","MORRSB","MORRSC","MORRSD","MORRSE","ROVASA","ROVASB","ROVASC","ROVASD","ROVASE","ROVASF","SAGASA","SAGASB","SAIRSA","SAIRSB","SARASA","SARASB","SARASC","SARASD"
"Temp..C.",1,0.73,0.78,0.83,0.73,0.72,0.66,0.69,0.69,0.66,0.66,0.64,0.68,0.63,0.66,0.8,0.77,0.89,0.92,0.67,0.77,0.53,0.7
"Temp..C.",0.73,1,0.93,0.97,0.78,0.74,0.73,0.74,0.77,0.77,0.77,0.78,0.81,0.73,0.75,0.81,0.84,0.86,0.93,0.81,0.83,0.75,0.8
"Temp..C.",0.78,0.93,1,0.92,0.8,0.75,0.74,0.75,0.76,0.76,0.77,0.77,0.77,0.72,0.76,0.81,0.81,0.89,0.92,0.75,0.8,0.69,0.72
"Temp..C.",0.83,0.97,0.92,1,0.87,0.89,0.86,0.89,0.87,0.93,0.92,0.93,0.94,0.82,0.84,0.87,0.88,0.79,0.94,0.88,0.93,0.86,0.85
"Temp..C.",0.73,0.78,0.8,0.87,1,0.99,0.97,0.94,0.92,0.92,0.91,0.88,0.87,0.83,0.89,0.79,0.77,0.65,0.71,0.7,0.87,0.74,0.6
"Temp..C.",0.72,0.74,0.75,0.89,0.99,1,0.98,0.95,0.91,0.93,0.92,0.9,0.88,0.85,0.88,0.76,0.74,0.77,0.88,0.68,0.88,0.62,0.59
"Temp..C.",0.66,0.73,0.74,0.86,0.97,0.98,1,0.92,0.89,0.93,0.91,0.88,0.86,0.82,0.88,0.74,0.72,0.84,0.78,0.67,0.86,0.7,0.56
"Temp..C.",0.69,0.74,0.75,0.89,0.94,0.95,0.92,1,0.96,0.91,0.91,0.87,0.86,0.84,0.86,0.77,0.77,0.74,0.8,0.69,0.85,0.63,0.59
"Temp..C.",0.69,0.77,0.76,0.87,0.92,0.91,0.89,0.96,1,0.88,0.89,0.86,0.85,0.83,0.84,0.76,0.77,0.61,0.75,0.73,0.85,0.73,0.65
"Temp..C.",0.66,0.77,0.76,0.93,0.92,0.93,0.93,0.91,0.88,1,0.99,0.95,0.94,0.9,0.9,0.76,0.76,0.77,0.97,0.73,0.9,0.69,0.64
"Temp..C.",0.66,0.77,0.77,0.92,0.91,0.92,0.91,0.91,0.89,0.99,1,0.96,0.96,0.93,0.93,0.74,0.75,0.75,0.95,0.75,0.92,0.73,0.63
"Temp..C.",0.64,0.78,0.77,0.93,0.88,0.9,0.88,0.87,0.86,0.95,0.96,1,0.99,0.93,0.93,0.7,0.72,0.71,0.81,0.74,0.89,0.78,0.58
"Temp..C.",0.68,0.81,0.77,0.94,0.87,0.88,0.86,0.86,0.85,0.94,0.96,0.99,1,0.94,0.92,0.72,0.75,0.72,0.93,0.78,0.9,0.78,0.66
"Temp..C.",0.63,0.73,0.72,0.82,0.83,0.85,0.82,0.84,0.83,0.9,0.93,0.93,0.94,1,0.93,0.64,0.66,0.73,0.86,0.79,0.89,0.8,0.66
"Temp..C.",0.66,0.75,0.76,0.84,0.89,0.88,0.88,0.86,0.84,0.9,0.93,0.93,0.92,0.93,1,0.65,0.68,0.77,0.88,0.75,0.9,0.75,0.59
"Temp..C.",0.8,0.81,0.81,0.87,0.79,0.76,0.74,0.77,0.76,0.76,0.74,0.7,0.72,0.64,0.65,1,0.96,0.89,0.81,0.71,0.78,0.62,0.7
"Temp..C.",0.77,0.84,0.81,0.88,0.77,0.74,0.72,0.77,0.77,0.76,0.75,0.72,0.75,0.66,0.68,0.96,1,0.87,0.81,0.76,0.81,0.68,0.74
"Temp..C.",0.89,0.86,0.89,0.79,0.65,0.77,0.84,0.74,0.61,0.77,0.75,0.71,0.72,0.73,0.77,0.89,0.87,1,0.92,0.9,0.89,0.46,0.82
"Temp..C.",0.92,0.93,0.92,0.94,0.71,0.88,0.78,0.8,0.75,0.97,0.95,0.81,0.93,0.86,0.88,0.81,0.81,0.92,1,0.97,0.86,-0.01,0.86
"Temp..C.",0.67,0.81,0.75,0.88,0.7,0.68,0.67,0.69,0.73,0.73,0.75,0.74,0.78,0.79,0.75,0.71,0.76,0.9,0.97,1,0.95,0.91,0.91
"Temp..C.",0.77,0.83,0.8,0.93,0.87,0.88,0.86,0.85,0.85,0.9,0.92,0.89,0.9,0.89,0.9,0.78,0.81,0.89,0.86,0.95,1,0.95,0.9
"Temp..C.",0.53,0.75,0.69,0.86,0.74,0.62,0.7,0.63,0.73,0.69,0.73,0.78,0.78,0.8,0.75,0.62,0.68,0.46,-0.01,0.91,0.95,1,0.86
"Temp..C.",0.7,0.8,0.72,0.85,0.6,0.59,0.56,0.59,0.65,0.64,0.63,0.58,0.66,0.66,0.59,0.7,0.74,0.82,0.86,0.91,0.9,0.86,1
"DO..mg.L.",1,0.35,0.58,0.35,0.4,0.55,0.3,0.5,0.53,0.62,0.54,0.52,0.55,0.43,0.14,0.63,0.58,0.68,0.58,0.5,0.56,0.22,0.5
"DO..mg.L.",0.35,1,0.45,0.71,0.44,0.44,0.32,0.45,0.53,0.47,0.47,0.47,0.4,0.38,0.14,0.47,0.48,0.71,0.65,0.44,0.35,0.31,0.33
"DO..mg.L.",0.58,0.45,1,0.59,0.6,0.66,0.47,0.6,0.58,0.67,0.66,0.56,0.59,0.51,0.23,0.77,0.7,0.91,0.71,0.43,0.66,0.28,0.39
"DO..mg.L.",0.35,0.71,0.59,1,0.7,0.74,0.69,0.69,0.7,0.71,0.72,0.69,0.71,0.63,0.3,0.56,0.5,0.77,0.46,0.55,0.54,0.37,0.45
"DO..mg.L.",0.4,0.44,0.6,0.7,1,0.92,0.63,0.87,0.85,0.83,0.84,0.8,0.79,0.71,0.09,0.6,0.55,-0.03,0.38,0.55,0.62,0.24,0.37
"DO..mg.L.",0.55,0.44,0.66,0.74,0.92,1,0.74,0.94,0.91,0.9,0.89,0.88,0.83,0.76,0.23,0.66,0.65,0.67,0.78,0.58,0.67,0.29,0.43
"DO..mg.L.",0.3,0.32,0.47,0.69,0.63,0.74,1,0.59,0.54,0.53,0.55,0.57,0.59,0.62,-0.07,0.47,0.41,0.31,0.12,0.35,0.67,0.46,0.22
"DO..mg.L.",0.5,0.45,0.6,0.69,0.87,0.94,0.59,1,0.95,0.88,0.89,0.84,0.85,0.73,0.18,0.65,0.68,0.69,0.83,0.65,0.7,0.38,0.47
"DO..mg.L.",0.53,0.53,0.58,0.7,0.85,0.91,0.54,0.95,1,0.84,0.87,0.84,0.85,0.75,0.18,0.61,0.66,0.61,0.86,0.72,0.67,0.4,0.46
"DO..mg.L.",0.62,0.47,0.67,0.71,0.83,0.9,0.53,0.88,0.84,1,0.93,0.92,0.89,0.82,0.36,0.72,0.71,0.68,0.88,0.57,0.75,0.35,0.48
"DO..mg.L.",0.54,0.47,0.66,0.72,0.84,0.89,0.55,0.89,0.87,0.93,1,0.93,0.92,0.86,0.29,0.64,0.64,0.72,0.88,0.68,0.77,0.33,0.52
"DO..mg.L.",0.52,0.47,0.56,0.69,0.8,0.88,0.57,0.84,0.84,0.92,0.93,1,0.94,0.88,0.26,0.61,0.61,0.63,0.43,0.67,0.71,0.3,0.49
"DO..mg.L.",0.55,0.4,0.59,0.71,0.79,0.83,0.59,0.85,0.85,0.89,0.92,0.94,1,0.83,0.2,0.57,0.6,0.58,0.76,0.66,0.68,0.27,0.33
"DO..mg.L.",0.43,0.38,0.51,0.63,0.71,0.76,0.62,0.73,0.75,0.82,0.86,0.88,0.83,1,0.19,0.48,0.49,0.58,0.78,0.7,0.64,0.3,0.49
"DO..mg.L.",0.14,0.14,0.23,0.3,0.09,0.23,-0.07,0.18,0.18,0.36,0.29,0.26,0.2,0.19,1,0.34,0.26,0.29,0.73,0.14,0.21,-0.15,0.21
"DO..mg.L.",0.63,0.47,0.77,0.56,0.6,0.66,0.47,0.65,0.61,0.72,0.64,0.61,0.57,0.48,0.34,1,0.91,0.65,0.56,0.47,0.75,0.35,0.46
"DO..mg.L.",0.58,0.48,0.7,0.5,0.55,0.65,0.41,0.68,0.66,0.71,0.64,0.61,0.6,0.49,0.26,0.91,1,0.67,0.44,0.53,0.72,0.28,0.47
"DO..mg.L.",0.68,0.71,0.91,0.77,-0.03,0.67,0.31,0.69,0.61,0.68,0.72,0.63,0.58,0.58,0.29,0.65,0.67,1,0.69,0.12,0.98,0.57,0.85
"DO..mg.L.",0.58,0.65,0.71,0.46,0.38,0.78,0.12,0.83,0.86,0.88,0.88,0.43,0.76,0.78,0.73,0.56,0.44,0.69,1,0.41,0.63,0.5,0.79
"DO..mg.L.",0.5,0.44,0.43,0.55,0.55,0.58,0.35,0.65,0.72,0.57,0.68,0.67,0.66,0.7,0.14,0.47,0.53,0.12,0.41,1,0.62,0.37,0.72
"DO..mg.L.",0.56,0.35,0.66,0.54,0.62,0.67,0.67,0.7,0.67,0.75,0.77,0.71,0.68,0.64,0.21,0.75,0.72,0.98,0.63,0.62,1,0.27,0.78
"DO..mg.L.",0.22,0.31,0.28,0.37,0.24,0.29,0.46,0.38,0.4,0.35,0.33,0.3,0.27,0.3,-0.15,0.35,0.28,0.57,0.5,0.37,0.27,1,0.39
"DO..mg.L.",0.5,0.33,0.39,0.45,0.37,0.43,0.22,0.47,0.46,0.48,0.52,0.49,0.33,0.49,0.21,0.46,0.47,0.85,0.79,0.72,0.78,0.39,1
"DO..Sat",1,-0.06,0.31,-0.31,0.03,0.03,0.03,0.09,0.08,0.15,0.16,0.07,-0.1,0.01,0.25,0.03,0.07,-0.13,0,-0.06,0.18,0,0.24
"DO..Sat",-0.06,1,0.07,0.44,0.03,-0.11,-0.01,0.01,-0.04,0.11,0.03,0.11,-0.05,0.05,0.22,0.06,0.09,0.74,0.5,0.04,0.01,0.21,0.07
"DO..Sat",0.31,0.07,1,0.01,0.35,0.53,0.23,0.32,0.26,0.41,0.34,0.15,0,0.12,0.3,0.11,0.51,0.6,0.42,-0.38,0.41,0.09,0.13
"DO..Sat",-0.31,0.44,0.01,1,-0.14,0.33,0,0.07,0.17,0.11,0.16,-0.07,-0.14,-0.09,-0.02,-0.32,-0.23,0.68,-0.03,0.18,-0.17,0.13,0.14
"DO..Sat",0.03,0.03,0.35,-0.14,1,0.09,0.17,0.49,0.58,0.09,0.2,0.03,0.16,0.1,-0.12,0.13,0.21,0.1,0.11,-0.06,0.12,-0.21,0
"DO..Sat",0.03,-0.11,0.53,0.33,0.09,1,-0.02,-0.06,-0.04,-0.14,0,-0.31,-0.25,-0.18,0.11,-0.01,0.23,0.64,0.58,0.29,0.25,-0.28,0.09
"DO..Sat",0.03,-0.01,0.23,0,0.17,-0.02,1,0.19,0.19,0.07,0.24,-0.01,0.17,0.45,-0.17,0.05,0.09,0.26,0.31,-0.2,0.43,0.24,-0.22
"DO..Sat",0.09,0.01,0.32,0.07,0.49,-0.06,0.19,1,0.8,0.37,0.45,0.39,0.43,0.13,0.03,0.04,0.24,0.26,0.21,0.07,0.12,-0.02,0.14
"DO..Sat",0.08,-0.04,0.26,0.17,0.58,-0.04,0.19,0.8,1,0.33,0.43,0.33,0.23,0.27,-0.04,-0.04,0.18,0.27,0.36,0.04,0.08,-0.08,0.14
"DO..Sat",0.15,0.11,0.41,0.11,0.09,-0.14,0.07,0.37,0.33,1,0.45,0.48,0.4,0.42,0.27,-0.05,0.26,0.42,0.85,-0.2,0.47,0.1,0.09
"DO..Sat",0.16,0.03,0.34,0.16,0.2,0,0.24,0.45,0.43,0.45,1,0.26,0.24,0.35,0.16,-0.03,-0.07,0.46,0.57,-0.11,0.4,-0.04,0.12
"DO..Sat",0.07,0.11,0.15,-0.07,0.03,-0.31,-0.01,0.39,0.33,0.48,0.26,1,0.28,0.41,0.26,-0.16,0.21,0.34,0.22,-0.14,0.22,-0.07,0.26
"DO..Sat",-0.1,-0.05,0,-0.14,0.16,-0.25,0.17,0.43,0.23,0.4,0.24,0.28,1,0.13,-0.06,0.04,-0.11,0.15,-0.19,-0.07,0.13,-0.06,-0.36
"DO..Sat",0.01,0.05,0.12,-0.09,0.1,-0.18,0.45,0.13,0.27,0.42,0.35,0.41,0.13,1,0.02,0.1,-0.02,0.53,0.73,0.11,0.16,0.12,0.27
"DO..Sat",0.25,0.22,0.3,-0.02,-0.12,0.11,-0.17,0.03,-0.04,0.27,0.16,0.26,-0.06,0.02,1,-0.07,0.09,0.31,0.6,-0.13,0.27,-0.08,0.07
"DO..Sat",0.03,0.06,0.11,-0.32,0.13,-0.01,0.05,0.04,-0.04,-0.05,-0.03,-0.16,0.04,0.1,-0.07,1,0.09,0.16,0.24,0,0.37,-0.08,-0.02
"DO..Sat",0.07,0.09,0.51,-0.23,0.21,0.23,0.09,0.24,0.18,0.26,-0.07,0.21,-0.11,-0.02,0.09,0.09,1,0.23,0.05,-0.06,0.3,0.11,0.19
"DO..Sat",-0.13,0.74,0.6,0.68,0.1,0.64,0.26,0.26,0.27,0.42,0.46,0.34,0.15,0.53,0.31,0.16,0.23,1,0.55,-0.23,0.66,0.38,0.69
"DO..Sat",0,0.5,0.42,-0.03,0.11,0.58,0.31,0.21,0.36,0.85,0.57,0.22,-0.19,0.73,0.6,0.24,0.05,0.55,1,-0.7,0.23,0.35,0.63
"DO..Sat",-0.06,0.04,-0.38,0.18,-0.06,0.29,-0.2,0.07,0.04,-0.2,-0.11,-0.14,-0.07,0.11,-0.13,0,-0.06,-0.23,-0.7,1,-0.47,0.27,0.33
"DO..Sat",0.18,0.01,0.41,-0.17,0.12,0.25,0.43,0.12,0.08,0.47,0.4,0.22,0.13,0.16,0.27,0.37,0.3,0.66,0.23,-0.47,1,-0.18,0.19
"DO..Sat",0,0.21,0.09,0.13,-0.21,-0.28,0.24,-0.02,-0.08,0.1,-0.04,-0.07,-0.06,0.12,-0.08,-0.08,0.11,0.38,0.35,0.27,-0.18,1,0.2
"DO..Sat",0.24,0.07,0.13,0.14,0,0.09,-0.22,0.14,0.14,0.09,0.12,0.26,-0.36,0.27,0.07,-0.02,0.19,0.69,0.63,0.33,0.19,0.2,1
"Sonde.pH",1,0.23,0.05,-0.2,-0.24,0.25,0.02,0.16,0.15,0.24,0.32,0.11,0.24,0.06,0.21,0.22,0.22,-0.01,-0.36,0.11,0.11,0.21,0.29
"Sonde.pH",0.23,1,0.67,0.78,0.54,0.41,0.56,0.37,0.51,0.04,0.14,-0.12,0.11,0.28,0.2,0.42,0.17,0.26,0.29,0.11,0,0.34,0.11
"Sonde.pH",0.05,0.67,1,0.55,0.6,0.47,0.67,0.48,0.42,0.14,0.08,-0.06,0.05,0.3,0.02,0.49,0.31,-0.01,0.34,-0.03,0.01,0.32,0.02
"Sonde.pH",-0.2,0.78,0.55,1,0.47,0.31,0.41,0.33,0.56,-0.01,-0.11,-0.09,0.08,0.43,-0.18,-0.05,-0.18,0.19,0.06,0.33,-0.19,0.2,-0.15
"Sonde.pH",-0.24,0.54,0.6,0.47,1,0.75,0.84,0.6,0.56,0.03,0.07,-0.16,-0.04,0.33,0.14,0.55,0.15,0.74,0.64,-0.05,-0.17,0.02,-0.23
"Sonde.pH",0.25,0.41,0.47,0.31,0.75,1,0.8,0.62,0.56,0.21,0.31,-0.06,0.16,0.54,0.26,0.48,0.19,-0.06,0.02,-0.07,-0.02,0.21,-0.05
"Sonde.pH",0.02,0.56,0.67,0.41,0.84,0.8,1,0.65,0.66,0.27,0.41,0.03,0.13,0.47,0.18,0.6,0.22,0.95,0.52,0.06,0.08,0.29,-0.04
"Sonde.pH",0.16,0.37,0.48,0.33,0.6,0.62,0.65,1,0.65,0.18,0.31,-0.03,0.19,0.31,0.21,0.54,0.19,-0.38,-0.11,0.15,0.08,0.21,0.15
"Sonde.pH",0.15,0.51,0.42,0.56,0.56,0.56,0.66,0.65,1,0.21,0.29,0,0.14,0.48,0.09,0.41,0.09,0.15,0.48,0.25,0.24,0.28,0.16
"Sonde.pH",0.24,0.04,0.14,-0.01,0.03,0.21,0.27,0.18,0.21,1,0.64,0.32,0.53,0.35,0.27,0.26,0.37,-0.04,0.61,0.4,0.3,0.6,0.29
"Sonde.pH",0.32,0.14,0.08,-0.11,0.07,0.31,0.41,0.31,0.29,0.64,1,0.4,0.44,0.53,0.29,0.06,0.15,-0.14,0.1,0.22,0.57,0.45,0.16
"Sonde.pH",0.11,-0.12,-0.06,-0.09,-0.16,-0.06,0.03,-0.03,0,0.32,0.4,1,0.6,0.37,0.1,-0.15,0.12,0.47,0.25,0.21,0.41,0.26,0.22
"Sonde.pH",0.24,0.11,0.05,0.08,-0.04,0.16,0.13,0.19,0.14,0.53,0.44,0.6,1,0.4,0.14,0.09,0.2,0.31,-0.01,0.3,0.39,0.5,0.19
"Sonde.pH",0.06,0.28,0.3,0.43,0.33,0.54,0.47,0.31,0.48,0.35,0.53,0.37,0.4,1,0.18,0.14,0.13,-0.28,-0.29,0.18,0.39,0.32,-0.02
"Sonde.pH",0.21,0.2,0.02,-0.18,0.14,0.26,0.18,0.21,0.09,0.27,0.29,0.1,0.14,0.18,1,0.15,0.06,-0.08,-0.04,0.15,0.28,0.22,0.06
"Sonde.pH",0.22,0.42,0.49,-0.05,0.55,0.48,0.6,0.54,0.41,0.26,0.06,-0.15,0.09,0.14,0.15,1,0.59,-0.03,0.17,0.25,-0.01,0.33,0.4
"Sonde.pH",0.22,0.17,0.31,-0.18,0.15,0.19,0.22,0.19,0.09,0.37,0.15,0.12,0.2,0.13,0.06,0.59,1,0.37,0.06,0.32,0.31,0.4,0.38
"Sonde.pH",-0.01,0.26,-0.01,0.19,0.74,-0.06,0.95,-0.38,0.15,-0.04,-0.14,0.47,0.31,-0.28,-0.08,-0.03,0.37,1,0.71,-0.03,0.64,0.17,0.3
"Sonde.pH",-0.36,0.29,0.34,0.06,0.64,0.02,0.52,-0.11,0.48,0.61,0.1,0.25,-0.01,-0.29,-0.04,0.17,0.06,0.71,1,-0.59,0.56,0.41,0.7
"Sonde.pH",0.11,0.11,-0.03,0.33,-0.05,-0.07,0.06,0.15,0.25,0.4,0.22,0.21,0.3,0.18,0.15,0.25,0.32,-0.03,-0.59,1,0.33,0.53,0.71
"Sonde.pH",0.11,0,0.01,-0.19,-0.17,-0.02,0.08,0.08,0.24,0.3,0.57,0.41,0.39,0.39,0.28,-0.01,0.31,0.64,0.56,0.33,1,0.48,0.27
"Sonde.pH",0.21,0.34,0.32,0.2,0.02,0.21,0.29,0.21,0.28,0.6,0.45,0.26,0.5,0.32,0.22,0.33,0.4,0.17,0.41,0.53,0.48,1,0.42
"Sonde.pH",0.29,0.11,0.02,-0.15,-0.23,-0.05,-0.04,0.15,0.16,0.29,0.16,0.22,0.19,-0.02,0.06,0.4,0.38,0.3,0.7,0.71,0.27,0.42,1
"SpCond..uS.cm.",1,0.4,-0.14,0.56,0.42,0.72,0.69,0.53,0.5,0.5,0.65,0.48,0.55,0.65,0.69,0.82,0.71,-0.09,0.47,0.58,0.3,0.58,0.34
"SpCond..uS.cm.",0.4,1,0.43,0.81,0.24,0.33,0.29,0.61,0.5,0.33,0.51,0.37,0.45,0.47,0.49,0.51,0.57,0.2,-0.13,0.43,0.19,0.34,0.22
"SpCond..uS.cm.",-0.14,0.43,1,-0.04,0.03,0.07,-0.03,0.19,0.06,-0.16,0.07,-0.07,-0.22,0.05,-0.1,-0.06,0.02,0.26,-0.53,0.08,0.03,0.16,-0.18
"SpCond..uS.cm.",0.56,0.81,-0.04,1,0.32,0.6,0.49,0.8,0.71,0.73,0.72,0.39,0.75,0.6,0.76,0.73,0.72,0.8,0.92,0.7,0.33,0.55,0.54
"SpCond..uS.cm.",0.42,0.24,0.03,0.32,1,0.5,0.52,0.54,0.31,0.56,0.53,0.72,0.64,0.59,0.65,0.48,0.56,-0.63,-0.61,0.24,0.3,0.07,-0.01
"SpCond..uS.cm.",0.72,0.33,0.07,0.6,0.5,1,0.89,0.72,0.78,0.61,0.68,0.59,0.63,0.79,0.72,0.71,0.57,0.12,0.63,0.6,0.36,0.52,0.31
"SpCond..uS.cm.",0.69,0.29,-0.03,0.49,0.52,0.89,1,0.73,0.71,0.56,0.67,0.6,0.5,0.76,0.63,0.65,0.59,-0.09,-0.32,0.42,0.35,0.59,0.27
"SpCond..uS.cm.",0.53,0.61,0.19,0.8,0.54,0.72,0.73,1,0.85,0.58,0.73,0.56,0.64,0.72,0.66,0.59,0.47,0.51,0.39,0.58,0.33,0.52,0.27
"SpCond..uS.cm.",0.5,0.5,0.06,0.71,0.31,0.78,0.71,0.85,1,0.52,0.65,0.46,0.6,0.64,0.66,0.6,0.41,0.56,0.63,0.62,0.28,0.59,0.34
"SpCond..uS.cm.",0.5,0.33,-0.16,0.73,0.56,0.61,0.56,0.58,0.52,1,0.72,0.71,0.63,0.7,0.64,0.57,0.48,0.37,0.66,0.4,0.09,0.35,0.2
"SpCond..uS.cm.",0.65,0.51,0.07,0.72,0.53,0.68,0.67,0.73,0.65,0.72,1,0.7,0.62,0.73,0.7,0.64,0.58,0.4,0.82,0.52,0.3,0.51,0.22
"SpCond..uS.cm.",0.48,0.37,-0.07,0.39,0.72,0.59,0.6,0.56,0.46,0.71,0.7,1,0.81,0.8,0.85,0.57,0.59,0.4,0.65,0.4,0.3,0.44,0.01
"SpCond..uS.cm.",0.55,0.45,-0.22,0.75,0.64,0.63,0.5,0.64,0.6,0.63,0.62,0.81,1,0.68,0.85,0.64,0.56,0.47,0.91,0.51,0.43,0.55,0.31
"SpCond..uS.cm.",0.65,0.47,0.05,0.6,0.59,0.79,0.76,0.72,0.64,0.7,0.73,0.8,0.68,1,0.85,0.69,0.52,0.1,0.66,0.52,0.29,0.47,0.17
"SpCond..uS.cm.",0.69,0.49,-0.1,0.76,0.65,0.72,0.63,0.66,0.66,0.64,0.7,0.85,0.85,0.85,1,0.76,0.62,0.37,0.9,0.63,0.22,0.64,0.33
"SpCond..uS.cm.",0.82,0.51,-0.06,0.73,0.48,0.71,0.65,0.59,0.6,0.57,0.64,0.57,0.64,0.69,0.76,1,0.8,0.09,0.64,0.61,0.23,0.49,0.26
"SpCond..uS.cm.",0.71,0.57,0.02,0.72,0.56,0.57,0.59,0.47,0.41,0.48,0.58,0.59,0.56,0.52,0.62,0.8,1,-0.07,0.34,0.55,0.45,0.52,0.24
"SpCond..uS.cm.",-0.09,0.2,0.26,0.8,-0.63,0.12,-0.09,0.51,0.56,0.37,0.4,0.4,0.47,0.1,0.37,0.09,-0.07,1,0.69,0.11,-0.65,0.23,-0.19
"SpCond..uS.cm.",0.47,-0.13,-0.53,0.92,-0.61,0.63,-0.32,0.39,0.63,0.66,0.82,0.65,0.91,0.66,0.9,0.64,0.34,0.69,1,0.54,-0.06,0.08,0.35
"SpCond..uS.cm.",0.58,0.43,0.08,0.7,0.24,0.6,0.42,0.58,0.62,0.4,0.52,0.4,0.51,0.52,0.63,0.61,0.55,0.11,0.54,1,0.58,0.61,0.44
"SpCond..uS.cm.",0.3,0.19,0.03,0.33,0.3,0.36,0.35,0.33,0.28,0.09,0.3,0.3,0.43,0.29,0.22,0.23,0.45,-0.65,-0.06,0.58,1,0.5,0.69
"SpCond..uS.cm.",0.58,0.34,0.16,0.55,0.07,0.52,0.59,0.52,0.59,0.35,0.51,0.44,0.55,0.47,0.64,0.49,0.52,0.23,0.08,0.61,0.5,1,0.43
"SpCond..uS.cm.",0.34,0.22,-0.18,0.54,-0.01,0.31,0.27,0.27,0.34,0.2,0.22,0.01,0.31,0.17,0.33,0.26,0.24,-0.19,0.35,0.44,0.69,0.43,1
"Sonde.Turbidity..FNU.",1,-0.68,-0.89,-0.54,NA,-0.31,NA,-0.24,0.46,0.07,0.62,NA,0.95,0.28,0.6,0.99,0.26,-1,-1,0.04,NA,NA,-0.71
"Sonde.Turbidity..FNU.",-0.68,1,0.6,0.63,NA,0.89,NA,0.52,0.16,0.44,0.13,NA,-0.62,0.22,0.01,-0.63,0.19,1,1,0.74,NA,NA,0.85
"Sonde.Turbidity..FNU.",-0.89,0.6,1,0.21,NA,0.28,NA,-0.1,-0.44,-0.17,-0.58,NA,-0.98,-0.55,-0.59,-0.9,-0.52,1,1,0.35,NA,NA,0.74
"Sonde.Turbidity..FNU.",-0.54,0.63,0.21,1,NA,0.55,NA,0.8,-0.12,0.2,-0.02,NA,-0.36,0.57,-0.1,-0.51,0.62,1,1,0.24,NA,NA,0.57
"Sonde.Turbidity..FNU.",NA,NA,NA,NA,NA,NA,NA,NA,NA,NA,NA,NA,NA,NA,NA,NA,NA,NA,NA,NA,NA,NA,NA
"Sonde.Turbidity..FNU.",-0.31,0.89,0.28,0.55,NA,1,NA,0.48,0.48,0.65,0.54,NA,-0.27,0.5,0.4,-0.26,0.4,1,1,0.86,NA,NA,0.77
"Sonde.Turbidity..FNU.",NA,NA,NA,NA,NA,NA,NA,NA,NA,NA,NA,NA,NA,NA,NA,NA,NA,NA,NA,NA,NA,NA,NA
"Sonde.Turbidity..FNU.",-0.24,0.52,-0.1,0.8,NA,0.48,NA,1,-0.05,0.1,0.19,NA,-0.04,0.55,-0.04,-0.15,0.83,1,1,0.01,NA,NA,0.17
"Sonde.Turbidity..FNU.",0.46,0.16,-0.44,-0.12,NA,0.48,NA,-0.05,1,0.91,0.86,NA,0.52,0.61,0.97,0.47,0.21,-1,-1,0.68,NA,NA,0.05
"Sonde.Turbidity..FNU.",0.07,0.44,-0.17,0.2,NA,0.65,NA,0.1,0.91,1,0.68,NA,0.2,0.67,0.84,0.08,0.2,-1,-1,0.64,NA,NA,0.36
"Sonde.Turbidity..FNU.",0.62,0.13,-0.58,-0.02,NA,0.54,NA,0.19,0.86,0.68,1,NA,0.64,0.7,0.91,0.66,0.55,-1,-1,0.86,NA,NA,-0.02
"Sonde.Turbidity..FNU.",NA,NA,NA,NA,NA,NA,NA,NA,NA,NA,NA,NA,NA,NA,NA,NA,NA,NA,NA,NA,NA,NA,NA
"Sonde.Turbidity..FNU.",0.95,-0.62,-0.98,-0.36,NA,-0.27,NA,-0.04,0.52,0.2,0.64,NA,1,0.46,0.66,0.96,0.41,-1,-1,-0.29,NA,NA,-0.75
"Sonde.Turbidity..FNU.",0.28,0.22,-0.55,0.57,NA,0.5,NA,0.55,0.61,0.67,0.7,NA,0.46,1,0.71,0.3,0.81,1,1,0.45,NA,NA,0.12
"Sonde.Turbidity..FNU.",0.6,0.01,-0.59,-0.1,NA,0.4,NA,-0.04,0.97,0.84,0.91,NA,0.66,0.71,1,0.6,0.33,-1,-1,0.72,NA,NA,-0.04
"Sonde.Turbidity..FNU.",0.99,-0.63,-0.9,-0.51,NA,-0.26,NA,-0.15,0.47,0.08,0.66,NA,0.96,0.3,0.6,1,0.32,-1,-1,0.1,NA,NA,-0.72
"Sonde.Turbidity..FNU.",0.26,0.19,-0.52,0.62,NA,0.4,NA,0.83,0.21,0.2,0.55,NA,0.41,0.81,0.33,0.32,1,1,1,0.2,NA,NA,-0.04
"Sonde.Turbidity..FNU.",-1,1,1,1,NA,1,NA,1,-1,-1,-1,NA,-1,1,-1,-1,1,1,1,NA,NA,NA,1
"Sonde.Turbidity..FNU.",-1,1,1,1,NA,1,NA,1,-1,-1,-1,NA,-1,1,-1,-1,1,1,1,NA,NA,NA,1
"Sonde.Turbidity..FNU.",0.04,0.74,0.35,0.24,NA,0.86,NA,0.01,0.68,0.64,0.86,NA,-0.29,0.45,0.72,0.1,0.2,NA,NA,1,NA,NA,0.99
"Sonde.Turbidity..FNU.",NA,NA,NA,NA,NA,NA,NA,NA,NA,NA,NA,NA,NA,NA,NA,NA,NA,NA,NA,NA,NA,NA,NA
"Sonde.Turbidity..FNU.",NA,NA,NA,NA,NA,NA,NA,NA,NA,NA,NA,NA,NA,NA,NA,NA,NA,NA,NA,NA,NA,NA,NA
"Sonde.Turbidity..FNU.",-0.71,0.85,0.74,0.57,NA,0.77,NA,0.17,0.05,0.36,-0.02,NA,-0.75,0.12,-0.04,-0.72,-0.04,1,1,0.99,NA,NA,1
"Turbidity_NTU",1,-0.08,-0.18,-0.2,0.75,-0.1,0.09,-0.12,0.05,0.04,0.17,-0.01,0.31,-0.06,0.24,0.78,0.07,-0.31,-0.28,-0.02,0.52,0.09,-0.14
"Turbidity_NTU",-0.08,1,0.09,0.09,0.39,0.16,-0.2,-0.01,0.16,0.42,0.3,0.03,0.22,0.27,0.32,-0.18,0.24,-0.15,0.61,-0.23,0.5,0.39,0.16
"Turbidity_NTU",-0.18,0.09,1,-0.11,0.46,-0.18,0.16,-0.24,-0.13,-0.25,-0.21,-0.46,-0.28,-0.21,-0.07,0.03,0.48,0.44,-0.05,-0.04,-0.11,-0.08,0.04
"Turbidity_NTU",-0.2,0.09,-0.11,1,-0.33,0.17,0.11,0.26,-0.13,0,-0.33,-0.55,-0.23,0.26,0.24,-0.18,0.55,0.46,0.66,-0.27,0.19,-0.25,-0.26
"Turbidity_NTU",0.75,0.39,0.46,-0.33,1,0.23,0.05,-0.19,0.15,0.04,0,0.19,0.11,-0.28,-0.12,-0.21,-0.37,0.25,-0.19,0.24,0.08,0.11,0.31
"Turbidity_NTU",-0.1,0.16,-0.18,0.17,0.23,1,0.48,0.04,0.34,0.35,0.15,0.07,0.36,0.11,0.04,-0.21,-0.09,0.88,-0.17,0.18,0.27,0.03,0.13
"Turbidity_NTU",0.09,-0.2,0.16,0.11,0.05,0.48,1,-0.17,0.16,0.22,0.25,0.02,-0.16,-0.14,0.15,-0.35,0.39,0.61,0.86,0.3,-0.09,0.45,0.24
"Turbidity_NTU",-0.12,-0.01,-0.24,0.26,-0.19,0.04,-0.17,1,0.09,0.07,0.09,0,0.02,-0.05,-0.24,0.16,0,-0.21,0.88,0.26,0.17,-0.11,0.26
"Turbidity_NTU",0.05,0.16,-0.13,-0.13,0.15,0.34,0.16,0.09,1,0.53,0.58,0.62,0.38,0.59,0.17,-0.07,-0.15,-0.38,-0.36,0.71,0.34,0.44,0.63
"Turbidity_NTU",0.04,0.42,-0.25,0,0.04,0.35,0.22,0.07,0.53,1,0.63,0.45,0.54,0.49,0.59,-0.07,-0.05,-0.06,0,0.14,-0.02,0.37,0.37
"Turbidity_NTU",0.17,0.3,-0.21,-0.33,0,0.15,0.25,0.09,0.58,0.63,1,0.83,0.48,0.29,0.43,0.08,-0.04,-0.76,0.02,0.4,-0.24,0.51,0.52
"Turbidity_NTU",-0.01,0.03,-0.46,-0.55,0.19,0.07,0.02,0,0.62,0.45,0.83,1,0.72,0.04,0.01,-0.23,-0.46,-0.55,-0.59,0.69,0.06,0.69,0.66
"Turbidity_NTU",0.31,0.22,-0.28,-0.23,0.11,0.36,-0.16,0.02,0.38,0.54,0.48,0.72,1,0.27,0.44,0.24,-0.09,-0.16,-0.4,0.13,0.15,0.39,0.08
"Turbidity_NTU",-0.06,0.27,-0.21,0.26,-0.28,0.11,-0.14,-0.05,0.59,0.49,0.29,0.04,0.27,1,0.45,-0.19,-0.23,-0.16,0.11,0.05,0.28,0.19,0.08
"Turbidity_NTU",0.24,0.32,-0.07,0.24,-0.12,0.04,0.15,-0.24,0.17,0.59,0.43,0.01,0.44,0.45,1,0.13,-0.06,0.38,-0.56,-0.17,0.02,0.44,-0.1
"Turbidity_NTU",0.78,-0.18,0.03,-0.18,-0.21,-0.21,-0.35,0.16,-0.07,-0.07,0.08,-0.23,0.24,-0.19,0.13,1,0.39,-0.48,-0.28,-0.04,0.31,-0.24,-0.09
"Turbidity_NTU",0.07,0.24,0.48,0.55,-0.37,-0.09,0.39,0,-0.15,-0.05,-0.04,-0.46,-0.09,-0.23,-0.06,0.39,1,-0.31,0.79,-0.07,0.17,-0.22,0.18
"Turbidity_NTU",-0.31,-0.15,0.44,0.46,0.25,0.88,0.61,-0.21,-0.38,-0.06,-0.76,-0.55,-0.16,-0.16,0.38,-0.48,-0.31,1,-0.28,-0.47,0.15,0.01,-0.43
"Turbidity_NTU",-0.28,0.61,-0.05,0.66,-0.19,-0.17,0.86,0.88,-0.36,0,0.02,-0.59,-0.4,0.11,-0.56,-0.28,0.79,-0.28,1,0.24,-0.13,0.65,0.66
"Turbidity_NTU",-0.02,-0.23,-0.04,-0.27,0.24,0.18,0.3,0.26,0.71,0.14,0.4,0.69,0.13,0.05,-0.17,-0.04,-0.07,-0.47,0.24,1,0.18,0.33,0.73
"Turbidity_NTU",0.52,0.5,-0.11,0.19,0.08,0.27,-0.09,0.17,0.34,-0.02,-0.24,0.06,0.15,0.28,0.02,0.31,0.17,0.15,-0.13,0.18,1,0.07,0.18
"Turbidity_NTU",0.09,0.39,-0.08,-0.25,0.11,0.03,0.45,-0.11,0.44,0.37,0.51,0.69,0.39,0.19,0.44,-0.24,-0.22,0.01,0.65,0.33,0.07,1,0.41
"Turbidity_NTU",-0.14,0.16,0.04,-0.26,0.31,0.13,0.24,0.26,0.63,0.37,0.52,0.66,0.08,0.08,-0.1,-0.09,0.18,-0.43,0.66,0.73,0.18,0.41,1
"Discharge_cfs",1,0.29,0.63,NA,0.45,0.49,0.14,0.55,0.46,0.49,0.45,0.58,0.51,0.47,0.37,0.81,0.62,0.83,NA,0.35,-0.02,0.13,0.07
"Discharge_cfs",0.29,1,0.83,NA,0.46,0.23,0.37,0.34,0.35,0.16,0.2,0.26,0.25,0.2,0.22,0.36,0.52,0.81,NA,0.06,0.48,0.37,0.21
"Discharge_cfs",0.63,0.83,1,NA,0.47,0.2,0.29,0.2,0.16,0.21,0.19,0.16,0.19,0.05,0.05,0.75,0.55,0.48,NA,0.08,0.15,0.3,0.09
"Discharge_cfs",NA,NA,NA,NA,NA,NA,NA,NA,NA,NA,NA,NA,NA,NA,NA,NA,NA,NA,NA,NA,NA,NA,NA
"Discharge_cfs",0.45,0.46,0.47,NA,1,0.9,0.62,0.84,0.59,0.71,0.88,0.84,0.56,0.62,0.44,0.65,0.61,NA,NA,0.46,0.18,0.21,0.24
"Discharge_cfs",0.49,0.23,0.2,NA,0.9,1,0.69,0.93,0.83,0.78,0.94,0.88,0.65,0.75,0.68,0.66,0.58,0.91,NA,0.51,0.15,0.22,0.27
"Discharge_cfs",0.14,0.37,0.29,NA,0.62,0.69,1,0.67,0.28,0.46,0.62,0.21,0.08,0.25,0.66,0.42,0.39,NA,NA,0.32,0.08,0.25,0.13
"Discharge_cfs",0.55,0.34,0.2,NA,0.84,0.93,0.67,1,0.79,0.77,0.87,0.87,0.66,0.67,0.65,0.65,0.57,0.77,NA,0.49,0.1,0.18,0.19
"Discharge_cfs",0.46,0.35,0.16,NA,0.59,0.83,0.28,0.79,1,0.5,0.63,0.59,0.68,0.53,0.57,0.54,0.44,0.83,NA,0.34,0.73,0.7,0.69
"Discharge_cfs",0.49,0.16,0.21,NA,0.71,0.78,0.46,0.77,0.5,1,0.8,0.51,0.59,0.82,0.61,0.49,0.42,0.9,NA,0.4,0.04,0.12,0.08
"Discharge_cfs",0.45,0.2,0.19,NA,0.88,0.94,0.62,0.87,0.63,0.8,1,0.89,0.48,0.79,0.71,0.63,0.54,0.77,NA,0.5,0.02,0.1,0.09
"Discharge_cfs",0.58,0.26,0.16,NA,0.84,0.88,0.21,0.87,0.59,0.51,0.89,1,0.94,0.94,0.9,0.56,0.54,NA,NA,0.3,-0.04,0.27,-0.04
"Discharge_cfs",0.51,0.25,0.19,NA,0.56,0.65,0.08,0.66,0.68,0.59,0.48,0.94,1,0.87,0.82,0.33,0.29,0.95,NA,0.33,0.67,0.77,0.55
"Discharge_cfs",0.47,0.2,0.05,NA,0.62,0.75,0.25,0.67,0.53,0.82,0.79,0.94,0.87,1,0.95,0.35,0.31,0.9,NA,0.25,0.25,0.07,0.1
"Discharge_cfs",0.37,0.22,0.05,NA,0.44,0.68,0.66,0.65,0.57,0.61,0.71,0.9,0.82,0.95,1,0.25,0.24,0.9,NA,0.22,0.37,0.17,0.19
"Discharge_cfs",0.81,0.36,0.75,NA,0.65,0.66,0.42,0.65,0.54,0.49,0.63,0.56,0.33,0.35,0.25,1,0.95,0.93,NA,0.62,0.01,0.2,0.13
"Discharge_cfs",0.62,0.52,0.55,NA,0.61,0.58,0.39,0.57,0.44,0.42,0.54,0.54,0.29,0.31,0.24,0.95,1,0.89,NA,0.56,0.04,0.24,0.15
"Discharge_cfs",0.83,0.81,0.48,NA,NA,0.91,NA,0.77,0.83,0.9,0.77,NA,0.95,0.9,0.9,0.93,0.89,1,NA,0.93,NA,1,0.7
"Discharge_cfs",NA,NA,NA,NA,NA,NA,NA,NA,NA,NA,NA,NA,NA,NA,NA,NA,NA,NA,NA,NA,NA,NA,NA
"Discharge_cfs",0.35,0.06,0.08,NA,0.46,0.51,0.32,0.49,0.34,0.4,0.5,0.3,0.33,0.25,0.22,0.62,0.56,0.93,NA,1,0.33,0.75,0.78
"Discharge_cfs",-0.02,0.48,0.15,NA,0.18,0.15,0.08,0.1,0.73,0.04,0.02,-0.04,0.67,0.25,0.37,0.01,0.04,NA,NA,0.33,1,0.97,0.99
"Discharge_cfs",0.13,0.37,0.3,NA,0.21,0.22,0.25,0.18,0.7,0.12,0.1,0.27,0.77,0.07,0.17,0.2,0.24,1,NA,0.75,0.97,1,0.99
"Discharge_cfs",0.07,0.21,0.09,NA,0.24,0.27,0.13,0.19,0.69,0.08,0.09,-0.04,0.55,0.1,0.19,0.13,0.15,0.7,NA,0.78,0.99,0.99,1
"pH_Lab",1,0.5,0.41,0.86,0.57,0.48,0.43,-0.11,0.29,-0.12,-0.06,0.08,0.38,0.28,0.1,0.33,0.36,0.07,-0.23,-0.05,0.12,-0.24,-0.13
"pH_Lab",0.5,1,0.55,0.59,0.67,0.5,0.54,-0.03,0.37,-0.05,0.16,-0.03,0.01,0.48,0.1,0.42,0.21,-0.02,-0.33,-0.24,0.28,0.11,-0.22
"pH_Lab",0.41,0.55,1,0.82,0.82,0.69,0.72,0.03,0.63,0.25,0.55,0.5,0.18,0.61,0,0.69,0.19,-0.45,-0.57,-0.32,-0.31,-0.08,-0.54
"pH_Lab",0.86,0.59,0.82,1,0.86,0.74,0.46,-0.11,0.82,0.53,0.75,0.28,0.55,0.83,-0.44,0.58,-0.35,-0.34,-0.6,0.11,-0.66,-0.62,-0.52
"pH_Lab",0.57,0.67,0.82,0.86,1,0.89,0.89,0.05,0.76,0.33,0.58,0.31,-0.18,0.83,-0.15,0.32,0.07,-0.6,-0.41,-0.3,-0.2,-0.25,-0.22
"pH_Lab",0.48,0.5,0.69,0.74,0.89,1,0.85,0.07,0.74,0.24,0.55,0.45,0.26,0.7,0.14,0.46,0.19,0.11,-0.52,-0.35,-0.07,0.03,-0.44
"pH_Lab",0.43,0.54,0.72,0.46,0.89,0.85,1,0.07,0.37,0.52,0.66,0.36,0.03,0.82,0.12,0.25,0.18,0.06,-0.1,-0.14,-0.12,0.13,-0.15
"pH_Lab",-0.11,-0.03,0.03,-0.11,0.05,0.07,0.07,1,0.04,-0.38,-0.31,-0.34,-0.04,-0.09,-0.02,-0.32,-0.34,-0.52,-0.61,-0.12,-0.47,-0.04,-0.05
"pH_Lab",0.29,0.37,0.63,0.82,0.76,0.74,0.37,0.04,1,0.05,0.43,0.26,0.09,0.4,-0.19,0.45,-0.06,0.08,-0.6,-0.19,-0.14,-0.21,-0.46
"pH_Lab",-0.12,-0.05,0.25,0.53,0.33,0.24,0.52,-0.38,0.05,1,0.83,0.66,0.35,0.64,0.18,0.09,-0.25,0.08,0.06,0.28,-0.19,0.2,-0.27
"pH_Lab",-0.06,0.16,0.55,0.75,0.58,0.55,0.66,-0.31,0.43,0.83,1,0.76,0.32,0.71,0.18,0.45,0.01,0.11,-0.09,0.04,-0.21,0.2,-0.43
"pH_Lab",0.08,-0.03,0.5,0.28,0.31,0.45,0.36,-0.34,0.26,0.66,0.76,1,0.4,0.62,0.01,0.6,0.37,0.49,0.65,-0.31,-0.09,0.25,-0.35
"pH_Lab",0.38,0.01,0.18,0.55,-0.18,0.26,0.03,-0.04,0.09,0.35,0.32,0.4,1,0.48,0.28,0.2,0.04,-0.08,-0.3,0.22,-0.37,0.02,-0.24
"pH_Lab",0.28,0.48,0.61,0.83,0.83,0.7,0.82,-0.09,0.4,0.64,0.71,0.62,0.48,1,0.64,0.36,-0.05,-0.15,-0.31,0.02,-0.41,0.25,-0.55
"pH_Lab",0.1,0.1,0,-0.44,-0.15,0.14,0.12,-0.02,-0.19,0.18,0.18,0.01,0.28,0.64,1,0.06,0,0.29,-0.35,0.42,0.43,0.6,-0.26
"pH_Lab",0.33,0.42,0.69,0.58,0.32,0.46,0.25,-0.32,0.45,0.09,0.45,0.6,0.2,0.36,0.06,1,0.61,0.22,-0.05,-0.23,0.08,0.04,-0.63
"pH_Lab",0.36,0.21,0.19,-0.35,0.07,0.19,0.18,-0.34,-0.06,-0.25,0.01,0.37,0.04,-0.05,0,0.61,1,0.59,0.87,-0.4,0.5,0.16,0.05
"pH_Lab",0.07,-0.02,-0.45,-0.34,-0.6,0.11,0.06,-0.52,0.08,0.08,0.11,0.49,-0.08,-0.15,0.29,0.22,0.59,1,0.71,0.1,0.94,0.56,0.15
"pH_Lab",-0.23,-0.33,-0.57,-0.6,-0.41,-0.52,-0.1,-0.61,-0.6,0.06,-0.09,0.65,-0.3,-0.31,-0.35,-0.05,0.87,0.71,1,-0.4,0.69,0.8,0.71
"pH_Lab",-0.05,-0.24,-0.32,0.11,-0.3,-0.35,-0.14,-0.12,-0.19,0.28,0.04,-0.31,0.22,0.02,0.42,-0.23,-0.4,0.1,-0.4,1,0.14,0.25,-0.21
"pH_Lab",0.12,0.28,-0.31,-0.66,-0.2,-0.07,-0.12,-0.47,-0.14,-0.19,-0.21,-0.09,-0.37,-0.41,0.43,0.08,0.5,0.94,0.69,0.14,1,0.47,0.38
"pH_Lab",-0.24,0.11,-0.08,-0.62,-0.25,0.03,0.13,-0.04,-0.21,0.2,0.2,0.25,0.02,0.25,0.6,0.04,0.16,0.56,0.8,0.25,0.47,1,-0.13
"pH_Lab",-0.13,-0.22,-0.54,-0.52,-0.22,-0.44,-0.15,-0.05,-0.46,-0.27,-0.43,-0.35,-0.24,-0.55,-0.26,-0.63,0.05,0.15,0.71,-0.21,0.38,-0.13,1
"ANC_ueqL",1,0.55,0.28,0.88,0.44,0.7,0.8,0.48,0.36,0.52,0.55,0.62,0.55,0.62,0.75,0.71,0.72,-0.27,0.25,0.59,0.32,0.63,-0.49
"ANC_ueqL",0.55,1,0.57,0.68,-0.18,0.53,0.52,0.34,0.4,0.09,0.18,0.12,0.53,0.36,0.55,0.82,0.65,-0.21,-0.08,0.38,0.28,0.18,-0.38
"ANC_ueqL",0.28,0.57,1,0.59,0.36,0.58,0.75,0.61,0.54,0.3,0.36,0.72,0.48,0.49,0.5,0.51,0.74,-0.1,-0.41,0.31,0.38,-0.09,-0.2
"ANC_ueqL",0.88,0.68,0.59,1,0.76,0.9,0.85,0.52,0.59,0.65,0.8,0.79,0.87,0.76,0.95,0.92,0.63,0.06,0.51,0.7,0.39,0.5,-0.64
"ANC_ueqL",0.44,-0.18,0.36,0.76,1,0.45,0.58,0.52,-0.06,0.5,0.47,0.58,0.25,0.6,0.85,-0.14,0.45,-0.51,-0.52,0.23,-0.11,0.21,-0.22
"ANC_ueqL",0.7,0.53,0.58,0.9,0.45,1,0.97,0.93,0.85,0.69,0.8,0.63,0.72,0.87,0.89,0.73,0.69,0.11,0.45,0.55,0.07,0.23,-0.46
"ANC_ueqL",0.8,0.52,0.75,0.85,0.58,0.97,1,0.86,0.65,0.74,0.81,0.73,0.67,0.94,0.92,0.55,0.75,-0.05,-0.15,0.38,-0.06,0.34,-0.26
"ANC_ueqL",0.48,0.34,0.61,0.52,0.52,0.93,0.86,1,0.83,0.66,0.78,0.57,0.54,0.84,0.77,0.45,0.58,-0.22,-0.5,0.34,0.23,0.3,-0.26
"ANC_ueqL",0.36,0.4,0.54,0.59,-0.06,0.85,0.65,0.83,1,0.47,0.56,0.1,0.59,0.59,0.68,0.61,0.36,0.23,0.4,0.34,-0.03,-0.01,-0.31
"ANC_ueqL",0.52,0.09,0.3,0.65,0.5,0.69,0.74,0.66,0.47,1,0.95,0.81,0.47,0.91,0.73,0.32,0.36,-0.08,0.09,0.24,0.09,0.3,-0.24
"ANC_ueqL",0.55,0.18,0.36,0.8,0.47,0.8,0.81,0.78,0.56,0.95,1,0.77,0.47,0.94,0.8,0.43,0.46,-0.04,0.19,0.27,0.07,0.33,-0.37
"ANC_ueqL",0.62,0.12,0.72,0.79,0.58,0.63,0.73,0.57,0.1,0.81,0.77,1,0.72,0.86,0.8,0.16,0.44,-0.4,-0.25,0.37,0.1,0.34,-0.12
"ANC_ueqL",0.55,0.53,0.48,0.87,0.25,0.72,0.67,0.54,0.59,0.47,0.47,0.72,1,0.61,0.64,0.63,0.44,0.08,0.34,0.62,0.1,0.3,-0.39
"ANC_ueqL",0.62,0.36,0.49,0.76,0.6,0.87,0.94,0.84,0.59,0.91,0.94,0.86,0.61,1,0.9,0.56,0.69,0,0.09,0.36,0.05,0.2,-0.6
"ANC_ueqL",0.75,0.55,0.5,0.95,0.85,0.89,0.92,0.77,0.68,0.73,0.8,0.8,0.64,0.9,1,0.8,0.64,0.13,0.5,0.52,0.07,0.31,-0.53
"ANC_ueqL",0.71,0.82,0.51,0.92,-0.14,0.73,0.55,0.45,0.61,0.32,0.43,0.16,0.63,0.56,0.8,1,0.69,-0.02,0.29,0.6,0.46,0.37,-0.58
"ANC_ueqL",0.72,0.65,0.74,0.63,0.45,0.69,0.75,0.58,0.36,0.36,0.46,0.44,0.44,0.69,0.64,0.69,1,-0.14,-0.11,0.55,0.35,0.31,-0.46
"ANC_ueqL",-0.27,-0.21,-0.1,0.06,-0.51,0.11,-0.05,-0.22,0.23,-0.08,-0.04,-0.4,0.08,0,0.13,-0.02,-0.14,1,0.87,0.1,-0.9,-0.6,0.13
"ANC_ueqL",0.25,-0.08,-0.41,0.51,-0.52,0.45,-0.15,-0.5,0.4,0.09,0.19,-0.25,0.34,0.09,0.5,0.29,-0.11,0.87,1,0.34,-0.8,-0.74,-0.24
"ANC_ueqL",0.59,0.38,0.31,0.7,0.23,0.55,0.38,0.34,0.34,0.24,0.27,0.37,0.62,0.36,0.52,0.6,0.55,0.1,0.34,1,0.38,0.52,-0.14
"ANC_ueqL",0.32,0.28,0.38,0.39,-0.11,0.07,-0.06,0.23,-0.03,0.09,0.07,0.1,0.1,0.05,0.07,0.46,0.35,-0.9,-0.8,0.38,1,0.62,-0.49
"ANC_ueqL",0.63,0.18,-0.09,0.5,0.21,0.23,0.34,0.3,-0.01,0.3,0.33,0.34,0.3,0.2,0.31,0.37,0.31,-0.6,-0.74,0.52,0.62,1,-0.19
"ANC_ueqL",-0.49,-0.38,-0.2,-0.64,-0.22,-0.46,-0.26,-0.26,-0.31,-0.24,-0.37,-0.12,-0.39,-0.6,-0.53,-0.58,-0.46,0.13,-0.24,-0.14,-0.49,-0.19,1
"AppColor_PCU",1,0.3,0.31,0.31,-0.05,-0.01,-0.03,0.08,0.25,0.09,0.06,0.06,0.22,0.19,0.12,0.13,0,0.61,0.67,0.08,0.2,-0.03,0.21
"AppColor_PCU",0.3,1,0.34,0.46,0.24,0.23,0.14,0.28,0.5,0.28,0.29,0.56,0.53,0.39,0.35,-0.32,0.1,0.32,-0.27,0.31,0.4,-0.15,0.4
"AppColor_PCU",0.31,0.34,1,0.15,0.18,0.23,0.07,0.15,0.17,0.17,0.09,0.27,0.32,0,0.04,-0.03,-0.14,0.83,0.56,0.03,0.28,-0.35,-0.04
"AppColor_PCU",0.31,0.46,0.15,1,0.41,0.77,0.78,0.62,0.54,0.4,0.7,0.43,0.44,0.17,0.83,0.19,0.56,0.45,0.85,0.25,0.41,0.88,0.25
"AppColor_PCU",-0.05,0.24,0.18,0.41,1,0.33,0.65,0.27,-0.04,0.39,0.21,0.13,0.07,0.04,0.42,-0.15,0.32,-0.66,-0.26,0.36,0.37,0.19,0.76
"AppColor_PCU",-0.01,0.23,0.23,0.77,0.33,1,0.88,0.85,0.13,0.73,0.74,0.55,0.05,0.4,0.62,0.22,0.31,0.4,0.6,0.01,-0.03,-0.19,0.08
"AppColor_PCU",-0.03,0.14,0.07,0.78,0.65,0.88,1,0.69,-0.03,0.75,0.71,0.45,-0.07,0.49,0.74,0.22,0.46,0.17,0.53,0.09,0.31,0.25,0.44
"AppColor_PCU",0.08,0.28,0.15,0.62,0.27,0.85,0.69,1,0.32,0.72,0.77,0.56,0.29,0.64,0.74,0.11,0.33,0.19,0.14,-0.01,-0.12,-0.11,0.09
"AppColor_PCU",0.25,0.5,0.17,0.54,-0.04,0.13,-0.03,0.32,1,0.65,0.67,0.65,0.57,0.82,0.35,-0.21,-0.11,0.51,-0.06,0.69,0.01,-0.02,0.31
"AppColor_PCU",0.09,0.28,0.17,0.4,0.39,0.73,0.75,0.72,0.65,1,0.97,0.72,0.4,0.78,0.74,0.1,-0.02,0.38,0.34,0.26,0.28,-0.06,0.34
"AppColor_PCU",0.06,0.29,0.09,0.7,0.21,0.74,0.71,0.77,0.67,0.97,1,0.71,0.34,0.81,0.74,0.08,0.01,0.26,0.43,0.12,0.25,-0.02,0.19
"AppColor_PCU",0.06,0.56,0.27,0.43,0.13,0.55,0.45,0.56,0.65,0.72,0.71,1,0.96,0.76,0.73,-0.05,-0.01,0.63,-0.05,0.31,0.55,0.3,0.29
"AppColor_PCU",0.22,0.53,0.32,0.44,0.07,0.05,-0.07,0.29,0.57,0.4,0.34,0.96,1,0.33,0.55,-0.19,0.01,0.6,0.37,0.58,0.65,0,0.33
"AppColor_PCU",0.19,0.39,0,0.17,0.04,0.4,0.49,0.64,0.82,0.78,0.81,0.76,0.33,1,0.52,-0.13,-0.25,0.31,0.3,0.37,0.18,-0.01,0.29
"AppColor_PCU",0.12,0.35,0.04,0.83,0.42,0.62,0.74,0.74,0.35,0.74,0.74,0.73,0.55,0.52,1,0.36,0.32,0.01,0.49,0.18,0.61,0.16,0.29
"AppColor_PCU",0.13,-0.32,-0.03,0.19,-0.15,0.22,0.22,0.11,-0.21,0.1,0.08,-0.05,-0.19,-0.13,0.36,1,0.08,-0.34,0.4,-0.17,-0.2,0.22,-0.24
"AppColor_PCU",0,0.1,-0.14,0.56,0.32,0.31,0.46,0.33,-0.11,-0.02,0.01,-0.01,0.01,-0.25,0.32,0.08,1,-0.66,0.22,0.04,0.48,0.63,0.1
"AppColor_PCU",0.61,0.32,0.83,0.45,-0.66,0.4,0.17,0.19,0.51,0.38,0.26,0.63,0.6,0.31,0.01,-0.34,-0.66,1,0.5,0.33,0.81,-0.71,0.08
"AppColor_PCU",0.67,-0.27,0.56,0.85,-0.26,0.6,0.53,0.14,-0.06,0.34,0.43,-0.05,0.37,0.3,0.49,0.4,0.22,0.5,1,-0.48,0.81,0.44,-0.23
"AppColor_PCU",0.08,0.31,0.03,0.25,0.36,0.01,0.09,-0.01,0.69,0.26,0.12,0.31,0.58,0.37,0.18,-0.17,0.04,0.33,-0.48,1,0.28,0.07,0.77
"AppColor_PCU",0.2,0.4,0.28,0.41,0.37,-0.03,0.31,-0.12,0.01,0.28,0.25,0.55,0.65,0.18,0.61,-0.2,0.48,0.81,0.81,0.28,1,0.34,0.56
"AppColor_PCU",-0.03,-0.15,-0.35,0.88,0.19,-0.19,0.25,-0.11,-0.02,-0.06,-0.02,0.3,0,-0.01,0.16,0.22,0.63,-0.71,0.44,0.07,0.34,1,0.05
"AppColor_PCU",0.21,0.4,-0.04,0.25,0.76,0.08,0.44,0.09,0.31,0.34,0.19,0.29,0.33,0.29,0.29,-0.24,0.1,0.08,-0.23,0.77,0.56,0.05,1
"DOC_mgL",1,-0.25,-0.05,0.13,0.39,0.27,0.82,0.14,0.11,0.74,0.24,0.61,-0.2,0.22,0.07,-0.42,0.02,-0.03,-0.44,-0.45,0.24,-0.45,-0.38
"DOC_mgL",-0.25,1,0.27,0.16,0.94,0.31,-0.33,0.17,-0.22,-0.32,0.2,0.82,0.39,0.34,0.02,-0.19,0.02,0.14,0.28,0.21,-0.3,-0.16,-0.03
"DOC_mgL",-0.05,0.27,1,0.84,0.23,0.13,0.9,0.46,0.11,-0.19,0.04,0.47,0.21,0.03,-0.09,-0.34,-0.44,0.55,0.45,-0.18,0.37,0.21,-0.1
"DOC_mgL",0.13,0.16,0.84,1,0.29,0.48,0.85,-0.08,-0.09,-0.22,-0.15,0.47,0.15,-0.46,-0.36,-0.57,-0.52,0.74,0.72,-0.11,0.82,0.95,0.13
"DOC_mgL",0.39,0.94,0.23,0.29,1,-0.12,-0.03,0.1,0.18,0.69,0.66,0.97,1,0.59,0.97,-0.11,-0.58,0.41,0.49,0.6,-0.24,0.06,0.49
"DOC_mgL",0.27,0.31,0.13,0.48,-0.12,1,1,-0.03,-0.73,-0.04,-0.17,0.13,-0.63,-0.33,-0.64,0.19,-0.1,0.19,-0.14,-0.03,0.7,-0.49,-0.15
"DOC_mgL",0.82,-0.33,0.9,0.85,-0.03,1,1,-0.05,-0.4,0.48,0.61,0.21,-0.02,-0.69,0.12,-0.99,0.83,-0.05,-0.12,-0.82,0.72,0.78,-0.78
"DOC_mgL",0.14,0.17,0.46,-0.08,0.1,-0.03,-0.05,1,0.62,0,0,0.15,0.27,0.13,0.09,-0.43,-0.11,-0.23,-0.57,-0.17,-0.72,-0.17,-0.33
"DOC_mgL",0.11,-0.22,0.11,-0.09,0.18,-0.73,-0.4,0.62,1,0.28,0.3,0.13,0.58,0.45,0.63,-0.42,-0.05,-0.16,-0.1,0.02,-0.92,0.25,0.06
"DOC_mgL",0.74,-0.32,-0.19,-0.22,0.69,-0.04,0.48,0,0.28,1,0.7,0.82,0.06,0.44,0.55,0.02,0.15,-0.57,-0.62,0.08,-0.15,0.06,0.15
"DOC_mgL",0.24,0.2,0.04,-0.15,0.66,-0.17,0.61,0,0.3,0.7,1,0.82,0.43,0.7,0.8,0.05,0.15,-0.41,-0.58,0.34,0.02,0.37,0.4
"DOC_mgL",0.61,0.82,0.47,0.47,0.97,0.13,0.21,0.15,0.13,0.82,0.82,1,0.97,0.43,0.99,-0.34,-0.37,0.33,0.39,0.38,-0.1,0.21,0.26
"DOC_mgL",-0.2,0.39,0.21,0.15,1,-0.63,-0.02,0.27,0.58,0.06,0.43,0.97,1,0.48,0.76,-0.4,0.22,-0.18,0.17,0.17,-0.24,0.47,0.11
"DOC_mgL",0.22,0.34,0.03,-0.46,0.59,-0.33,-0.69,0.13,0.45,0.44,0.7,0.43,0.48,1,0.57,-0.18,-0.22,0.11,0,0.28,-0.91,-0.17,0.22
"DOC_mgL",0.07,0.02,-0.09,-0.36,0.97,-0.64,0.12,0.09,0.63,0.55,0.8,0.99,0.76,0.57,1,-0.15,0.38,-0.6,-0.54,0.21,-0.25,0.62,0.29
"DOC_mgL",-0.42,-0.19,-0.34,-0.57,-0.11,0.19,-0.99,-0.43,-0.42,0.02,0.05,-0.34,-0.4,-0.18,-0.15,1,-0.06,-0.16,-0.09,0.68,-0.72,0.15,0.65
"DOC_mgL",0.02,0.02,-0.44,-0.52,-0.58,-0.1,0.83,-0.11,-0.05,0.15,0.15,-0.37,0.22,-0.22,0.38,-0.06,1,-0.92,-0.82,-0.33,0.77,0.73,-0.37
"DOC_mgL",-0.03,0.14,0.55,0.74,0.41,0.19,-0.05,-0.23,-0.16,-0.57,-0.41,0.33,-0.18,0.11,-0.6,-0.16,-0.92,1,0.95,0.09,0.48,-0.48,0.16
"DOC_mgL",-0.44,0.28,0.45,0.72,0.49,-0.14,-0.12,-0.57,-0.1,-0.62,-0.58,0.39,0.17,0,-0.54,-0.09,-0.82,0.95,1,0.48,0.38,0.48,0.76
"DOC_mgL",-0.45,0.21,-0.18,-0.11,0.6,-0.03,-0.82,-0.17,0.02,0.08,0.34,0.38,0.17,0.28,0.21,0.68,-0.33,0.09,0.48,1,-0.65,0.26,0.92
"DOC_mgL",0.24,-0.3,0.37,0.82,-0.24,0.7,0.72,-0.72,-0.92,-0.15,0.02,-0.1,-0.24,-0.91,-0.25,-0.72,0.77,0.48,0.38,-0.65,1,0.95,-0.39
"DOC_mgL",-0.45,-0.16,0.21,0.95,0.06,-0.49,0.78,-0.17,0.25,0.06,0.37,0.21,0.47,-0.17,0.62,0.15,0.73,-0.48,0.48,0.26,0.95,1,0.52
"DOC_mgL",-0.38,-0.03,-0.1,0.13,0.49,-0.15,-0.78,-0.33,0.06,0.15,0.4,0.26,0.11,0.22,0.29,0.65,-0.37,0.16,0.76,0.92,-0.39,0.52,1
"TP_ugL",1,0.25,0.43,0.25,0.26,-0.1,0.24,0.12,-0.03,0.12,0.04,-0.2,-0.2,-0.21,-0.18,-0.14,-0.1,0.81,-0.19,-0.32,0.1,-0.12,-0.02
"TP_ugL",0.25,1,0.32,0.21,0.48,-0.17,0.41,0.13,0.03,0.04,-0.15,-0.18,-0.34,-0.26,-0.37,-0.43,-0.26,-0.18,0.1,-0.32,-0.12,-0.44,-0.31
"TP_ugL",0.43,0.32,1,0.84,0.18,0.17,0.24,0.34,0.21,0.29,0.25,0.12,-0.08,-0.34,-0.05,-0.4,-0.1,0.72,-0.25,-0.12,0.59,0.38,-0.19
"TP_ugL",0.25,0.21,0.84,1,0.24,0.49,0.6,0.81,0.47,0.4,0.5,0.53,0.37,0.06,0.1,-0.55,0.15,0.9,-0.03,-0.42,0.5,0.7,-0.02
"TP_ugL",0.26,0.48,0.18,0.24,1,0.22,0.99,0.44,-0.08,0.79,0.43,0.07,-0.06,0.41,0.05,0.39,0.19,0.08,0.73,-0.07,0.02,-0.14,0.16
"TP_ugL",-0.1,-0.17,0.17,0.49,0.22,1,0.38,0.47,0.01,0.52,0.56,0.53,0.54,0.4,0.41,-0.21,0.58,0.6,0.3,0.2,0.36,0.5,0.21
"TP_ugL",0.24,0.41,0.24,0.6,0.99,0.38,1,0.45,-0.15,0.81,0.49,0.08,-0.01,0.48,0.15,0.42,0.34,0.91,0.7,-0.09,0.09,-0.02,0.22
"TP_ugL",0.12,0.13,0.34,0.81,0.44,0.47,0.45,1,0.17,0.38,0.4,0.39,0.1,0.19,0.35,-0.13,0.47,0.76,0.8,-0.15,0.12,-0.13,-0.05
"TP_ugL",-0.03,0.03,0.21,0.47,-0.08,0.01,-0.15,0.17,1,0.24,0.09,0.48,0.31,-0.13,0.15,-0.34,-0.26,0.5,-0.07,0.47,0.03,-0.14,0.22
"TP_ugL",0.12,0.04,0.29,0.4,0.79,0.52,0.81,0.38,0.24,1,0.79,0.44,0.5,0.4,0.46,-0.17,0.32,0.5,0.63,0.13,0.44,0.11,0.23
"TP_ugL",0.04,-0.15,0.25,0.5,0.43,0.56,0.49,0.4,0.09,0.79,1,0.59,0.52,0.3,0.51,-0.07,0.36,0.72,0.53,-0.09,0.58,0.38,0.12
"TP_ugL",-0.2,-0.18,0.12,0.53,0.07,0.53,0.08,0.39,0.48,0.44,0.59,1,0.85,-0.04,0.43,0.15,0.5,0.47,0.91,0.11,0.74,0.37,-0.11
"TP_ugL",-0.2,-0.34,-0.08,0.37,-0.06,0.54,-0.01,0.1,0.31,0.5,0.52,0.85,1,0.65,0.8,-0.12,0.62,0.23,0.79,0.44,0.67,0.37,0.53
"TP_ugL",-0.21,-0.26,-0.34,0.06,0.41,0.4,0.48,0.19,-0.13,0.4,0.3,-0.04,0.65,1,0.76,-0.21,0.57,-0.16,0.97,0.17,0.57,0.1,0.6
"TP_ugL",-0.18,-0.37,-0.05,0.1,0.05,0.41,0.15,0.35,0.15,0.46,0.51,0.43,0.8,0.76,1,-0.16,0.58,-0.02,0.96,0.27,0.7,0.5,0.62
"TP_ugL",-0.14,-0.43,-0.4,-0.55,0.39,-0.21,0.42,-0.13,-0.34,-0.17,-0.07,0.15,-0.12,-0.21,-0.16,1,0.24,-0.41,-0.28,0.1,-0.2,0.12,-0.14
"TP_ugL",-0.1,-0.26,-0.1,0.15,0.19,0.58,0.34,0.47,-0.26,0.32,0.36,0.5,0.62,0.57,0.58,0.24,1,-0.05,0.86,0.09,0.25,0.33,0.24
"TP_ugL",0.81,-0.18,0.72,0.9,0.08,0.6,0.91,0.76,0.5,0.5,0.72,0.47,0.23,-0.16,-0.02,-0.41,-0.05,1,-0.24,-0.43,0.69,0.83,-0.29
"TP_ugL",-0.19,0.1,-0.25,-0.03,0.73,0.3,0.7,0.8,-0.07,0.63,0.53,0.91,0.79,0.97,0.96,-0.28,0.86,-0.24,1,-0.01,0.78,0.71,0.72
"TP_ugL",-0.32,-0.32,-0.12,-0.42,-0.07,0.2,-0.09,-0.15,0.47,0.13,-0.09,0.11,0.44,0.17,0.27,0.1,0.09,-0.43,-0.01,1,0.16,-0.07,0.76
"TP_ugL",0.1,-0.12,0.59,0.5,0.02,0.36,0.09,0.12,0.03,0.44,0.58,0.74,0.67,0.57,0.7,-0.2,0.25,0.69,0.78,0.16,1,0.51,0.57
"TP_ugL",-0.12,-0.44,0.38,0.7,-0.14,0.5,-0.02,-0.13,-0.14,0.11,0.38,0.37,0.37,0.1,0.5,0.12,0.33,0.83,0.71,-0.07,0.51,1,0.2
"TP_ugL",-0.02,-0.31,-0.19,-0.02,0.16,0.21,0.22,-0.05,0.22,0.23,0.12,-0.11,0.53,0.6,0.62,-0.14,0.24,-0.29,0.72,0.76,0.57,0.2,1
"TotDissP_ugL",1,0.1,0.47,-0.07,0.24,0.13,0.27,0.07,-0.23,0.47,0.42,-0.03,0.25,0.27,0.32,0.46,0.22,NA,1,0.18,0.52,0.63,0.62
"TotDissP_ugL",0.1,1,-0.08,0.79,0.45,0.35,0.19,0.1,0.07,-0.06,-0.25,0.04,0.05,-0.14,-0.49,-0.17,-0.11,NA,1,-0.04,0.04,-0.17,-0.23
"TotDissP_ugL",0.47,-0.08,1,-0.03,0.53,0.67,0.79,0.69,0.54,0.9,0.82,0.76,0.74,0.77,0.65,0.78,0.12,NA,1,0.43,0.87,0.98,0.75
"TotDissP_ugL",-0.07,0.79,-0.03,1,0.45,0.35,0.28,0.05,0.89,-0.15,-0.29,NA,0.04,-1,-0.27,-0.98,-0.73,NA,NA,0.3,0.27,0,-0.21
"TotDissP_ugL",0.24,0.45,0.53,0.45,1,0.92,0.9,0.84,0.27,0.75,0.68,0.6,0.66,0.69,0.12,0.48,-0.08,NA,1,0.23,0.79,0.58,0.48
"TotDissP_ugL",0.13,0.35,0.67,0.35,0.92,1,0.96,0.91,0.35,0.79,0.7,0.78,0.83,0.79,0.31,0.63,0.15,NA,-1,0.28,0.84,0.73,0.52
"TotDissP_ugL",0.27,0.19,0.79,0.28,0.9,0.96,1,0.86,0.44,0.89,0.84,0.78,0.81,0.91,0.34,0.58,-0.35,NA,1,0.18,0.95,0.85,0.49
"TotDissP_ugL",0.07,0.1,0.69,0.05,0.84,0.91,0.86,1,0.52,0.79,0.78,0.76,0.91,0.61,0.49,0.6,0.2,NA,-1,0.55,0.86,0.81,0.67
"TotDissP_ugL",-0.23,0.07,0.54,0.89,0.27,0.35,0.44,0.52,1,0.34,0.26,0.26,0.41,0.04,0.34,-0.08,-0.2,NA,-1,0.62,0.4,0.52,0.02
"TotDissP_ugL",0.47,-0.06,0.9,-0.15,0.75,0.79,0.89,0.79,0.34,1,0.94,0.74,0.72,0.92,0.55,0.72,0.02,NA,1,0.28,0.89,0.94,0.72
"TotDissP_ugL",0.42,-0.25,0.82,-0.29,0.68,0.7,0.84,0.78,0.26,0.94,1,0.87,0.73,0.87,0.68,0.68,0.12,NA,1,0.27,0.82,0.92,0.73
"TotDissP_ugL",-0.03,0.04,0.76,NA,0.6,0.78,0.78,0.76,0.26,0.74,0.87,1,0.97,0.85,0.57,0.73,0.44,NA,NA,0.34,0.86,0.93,0.53
"TotDissP_ugL",0.25,0.05,0.74,0.04,0.66,0.83,0.81,0.91,0.41,0.72,0.73,0.97,1,0.59,0.72,0.67,0.57,NA,1,0.69,0.79,0.96,0.8
"TotDissP_ugL",0.27,-0.14,0.77,-1,0.69,0.79,0.91,0.61,0.04,0.92,0.87,0.85,0.59,1,0.39,0.66,-0.11,NA,NA,-0.38,0.93,0.79,0.45
"TotDissP_ugL",0.32,-0.49,0.65,-0.27,0.12,0.31,0.34,0.49,0.34,0.55,0.68,0.57,0.72,0.39,1,0.42,0.56,NA,1,0.42,0.55,0.77,0.67
"TotDissP_ugL",0.46,-0.17,0.78,-0.98,0.48,0.63,0.58,0.6,-0.08,0.72,0.68,0.73,0.67,0.66,0.42,1,0.42,NA,1,0.4,0.81,0.8,0.75
"TotDissP_ugL",0.22,-0.11,0.12,-0.73,-0.08,0.15,-0.35,0.2,-0.2,0.02,0.12,0.44,0.57,-0.11,0.56,0.42,1,NA,1,0.37,0.14,0.21,0.44
"TotDissP_ugL",NA,NA,NA,NA,NA,NA,NA,NA,NA,NA,NA,NA,NA,NA,NA,NA,NA,NA,NA,NA,NA,NA,NA
"TotDissP_ugL",1,1,1,NA,1,-1,1,-1,-1,1,1,NA,1,NA,1,1,1,NA,1,1,-1,1,1
"TotDissP_ugL",0.18,-0.04,0.43,0.3,0.23,0.28,0.18,0.55,0.62,0.28,0.27,0.34,0.69,-0.38,0.42,0.4,0.37,NA,1,1,0.56,0.46,0.75
"TotDissP_ugL",0.52,0.04,0.87,0.27,0.79,0.84,0.95,0.86,0.4,0.89,0.82,0.86,0.79,0.93,0.55,0.81,0.14,NA,-1,0.56,1,0.91,0.88
"TotDissP_ugL",0.63,-0.17,0.98,0,0.58,0.73,0.85,0.81,0.52,0.94,0.92,0.93,0.96,0.79,0.77,0.8,0.21,NA,1,0.46,0.91,1,0.82
"TotDissP_ugL",0.62,-0.23,0.75,-0.21,0.48,0.52,0.49,0.67,0.02,0.72,0.73,0.53,0.8,0.45,0.67,0.75,0.44,NA,1,0.75,0.88,0.82,1
"PO4_ugL",1,-0.41,0.53,-0.97,0.7,0.8,0.91,0.77,0.59,0.74,0.8,0.06,0.31,0.73,0.65,0.81,0.75,NA,-1,0.4,0.47,0.81,0.7
"PO4_ugL",-0.41,1,0.11,0.96,-0.11,-0.09,-0.31,-0.09,-0.05,0.1,-0.08,0.05,0.31,-0.09,-0.25,-0.27,-0.33,NA,1,-0.27,0.14,-0.67,-0.41
"PO4_ugL",0.53,0.11,1,-0.12,0.71,0.76,0.72,0.78,0.73,0.82,0.71,0.83,0.62,0.67,0.76,0.15,-0.19,NA,1,0.15,0.5,0.47,0.29
"PO4_ugL",-0.97,0.96,-0.12,1,-0.57,-0.43,-0.49,-0.46,-0.09,-0.26,-0.39,-0.64,-0.24,-1,-0.2,-0.57,NA,NA,-1,-0.96,0.73,-0.91,-0.95
"PO4_ugL",0.7,-0.11,0.71,-0.57,1,0.88,0.91,0.77,0.29,0.68,0.74,0.21,0.32,0.84,0.49,0.37,0.9,NA,1,0.12,-0.04,0.38,0.45
"PO4_ugL",0.8,-0.09,0.76,-0.43,0.88,1,0.98,0.96,0.49,0.92,0.95,0.7,0.66,0.94,0.68,0.63,0.85,NA,1,0.24,0.19,0.67,0.63
"PO4_ugL",0.91,-0.31,0.72,-0.49,0.91,0.98,1,0.91,0.51,0.86,0.91,0.56,0.67,0.89,0.73,0.64,0.86,NA,1,0.24,0.18,0.68,0.65
"PO4_ugL",0.77,-0.09,0.78,-0.46,0.77,0.96,0.91,1,0.65,0.92,0.95,0.65,0.73,0.94,0.72,0.67,0.69,NA,1,0.43,0.35,0.8,0.67
"PO4_ugL",0.59,-0.05,0.73,-0.09,0.29,0.49,0.51,0.65,1,0.6,0.54,0.25,0.56,0.34,0.69,0.36,-0.32,NA,1,0.74,0.7,0.76,0.68
"PO4_ugL",0.74,0.1,0.82,-0.26,0.68,0.92,0.86,0.92,0.6,1,0.95,0.7,0.71,0.93,0.61,0.58,0.69,NA,-1,0.21,0.48,0.69,0.55
"PO4_ugL",0.8,-0.08,0.71,-0.39,0.74,0.95,0.91,0.95,0.54,0.95,1,0.71,0.73,0.89,0.72,0.71,0.81,NA,-1,0.44,0.32,0.79,0.8
"PO4_ugL",0.06,0.05,0.83,-0.64,0.21,0.7,0.56,0.65,0.25,0.7,0.71,1,0.96,0.78,0.6,0.21,0.4,NA,-1,0.06,0.17,0.68,0.29
"PO4_ugL",0.31,0.31,0.62,-0.24,0.32,0.66,0.67,0.73,0.56,0.71,0.73,0.96,1,0.5,0.74,0.37,0.17,NA,-1,0.37,0.17,0.85,0.6
"PO4_ugL",0.73,-0.09,0.67,-1,0.84,0.94,0.89,0.94,0.34,0.93,0.89,0.78,0.5,1,0.46,0.64,0.87,NA,NA,0.1,0.01,0.55,0.44
"PO4_ugL",0.65,-0.25,0.76,-0.2,0.49,0.68,0.73,0.72,0.69,0.61,0.72,0.6,0.74,0.46,1,0.76,0.38,NA,-1,0.4,0.26,0.91,0.74
"PO4_ugL",0.81,-0.27,0.15,-0.57,0.37,0.63,0.64,0.67,0.36,0.58,0.71,0.21,0.37,0.64,0.76,1,0.9,NA,1,0.54,0.25,0.81,0.79
"PO4_ugL",0.75,-0.33,-0.19,NA,0.9,0.85,0.86,0.69,-0.32,0.69,0.81,0.4,0.17,0.87,0.38,0.9,1,NA,NA,0.23,-0.28,0.68,0.83
"PO4_ugL",NA,NA,NA,NA,NA,NA,NA,NA,NA,NA,NA,NA,NA,NA,NA,NA,NA,NA,NA,NA,NA,NA,NA
"PO4_ugL",-1,1,1,-1,1,1,1,1,1,-1,-1,-1,-1,NA,-1,1,NA,NA,1,1,-1,-1,-1
"PO4_ugL",0.4,-0.27,0.15,-0.96,0.12,0.24,0.24,0.43,0.74,0.21,0.44,0.06,0.37,0.1,0.4,0.54,0.23,NA,1,1,0.46,0.8,0.8
"PO4_ugL",0.47,0.14,0.5,0.73,-0.04,0.19,0.18,0.35,0.7,0.48,0.32,0.17,0.17,0.01,0.26,0.25,-0.28,NA,-1,0.46,1,0.73,0.19
"PO4_ugL",0.81,-0.67,0.47,-0.91,0.38,0.67,0.68,0.8,0.76,0.69,0.79,0.68,0.85,0.55,0.91,0.81,0.68,NA,-1,0.8,0.73,1,0.91
"PO4_ugL",0.7,-0.41,0.29,-0.95,0.45,0.63,0.65,0.67,0.68,0.55,0.8,0.29,0.6,0.44,0.74,0.79,0.83,NA,-1,0.8,0.19,0.91,1
"TN_mgL",1,-0.25,0.25,0.29,0.15,0.54,-0.05,0.09,-0.04,0.29,0.41,0.06,0.65,0.03,0.21,0.15,0.39,0.24,-0.14,0.45,0.31,0.52,0.34
"TN_mgL",-0.25,1,-0.14,0.13,0.24,0,0.18,0.19,0.31,-0.01,-0.2,0.06,0.05,-0.17,0.23,-0.25,-0.16,0.56,0.5,-0.16,-0.68,0.1,-0.26
"TN_mgL",0.25,-0.14,1,0.25,0.37,0.36,0.18,0.1,-0.11,0.03,0.08,0.07,0.19,0.39,0.26,-0.25,0.17,0.27,0.22,0.54,0.18,0.19,0.62
"TN_mgL",0.29,0.13,0.25,1,-0.01,0.02,0.13,-0.62,-0.1,-0.45,-0.41,-0.51,0.25,0.18,0.38,0.23,0.37,0.6,0.59,0.43,0.54,0,0.39
"TN_mgL",0.15,0.24,0.37,-0.01,1,0.01,0.85,-0.29,-0.4,0.03,0.04,-0.07,0.11,0.25,0.21,-0.44,-0.06,-0.93,-0.25,0.01,-0.09,0.03,0
"TN_mgL",0.54,0,0.36,0.02,0.01,1,0.05,0.41,0.44,0.61,0.73,0.46,0.69,0.2,0.46,0.35,0.34,0.44,0.09,0.24,0.46,0.66,0.19
"TN_mgL",-0.05,0.18,0.18,0.13,0.85,0.05,1,-0.48,-0.51,-0.08,-0.14,-0.13,0.1,0.41,0.11,-0.05,-0.23,-0.85,-0.22,0.03,0.19,0.21,0
"TN_mgL",0.09,0.19,0.1,-0.62,-0.29,0.41,-0.48,1,0.66,0.39,0.43,0.38,0.16,-0.32,0.26,-0.02,0.09,0.42,0.21,0.03,-0.5,0.03,0.01
"TN_mgL",-0.04,0.31,-0.11,-0.1,-0.4,0.44,-0.51,0.66,1,0.63,0.41,0.47,0.13,-0.23,0.24,-0.08,-0.06,0.63,0.35,-0.23,-0.42,-0.04,-0.32
"TN_mgL",0.29,-0.01,0.03,-0.45,0.03,0.61,-0.08,0.39,0.63,1,0.64,0.33,0.41,-0.26,0.08,-0.08,0.2,0.49,-0.01,-0.22,-0.43,0.09,-0.39
"TN_mgL",0.41,-0.2,0.08,-0.41,0.04,0.73,-0.14,0.43,0.41,0.64,1,0.49,0.54,0.21,0.38,0.19,0.3,0.36,-0.07,-0.08,-0.16,0.17,-0.1
"TN_mgL",0.06,0.06,0.07,-0.51,-0.07,0.46,-0.13,0.38,0.47,0.33,0.49,1,0.51,0.23,0.4,-0.02,0.38,0.47,0.44,-0.19,-0.31,0.43,-0.17
"TN_mgL",0.65,0.05,0.19,0.25,0.11,0.69,0.1,0.16,0.13,0.41,0.54,0.51,1,0.27,0.46,0.19,0.57,0.78,0.65,0.3,0.29,0.59,0.11
"TN_mgL",0.03,-0.17,0.39,0.18,0.25,0.2,0.41,-0.32,-0.23,-0.26,0.21,0.23,0.27,1,0.11,0.31,0.1,-0.06,0.41,0.45,0.63,0.21,0.51
"TN_mgL",0.21,0.23,0.26,0.38,0.21,0.46,0.11,0.26,0.24,0.08,0.38,0.4,0.46,0.11,1,0.2,0.39,0.76,0.44,0.04,-0.05,0.1,0.18
"TN_mgL",0.15,-0.25,-0.25,0.23,-0.44,0.35,-0.05,-0.02,-0.08,-0.08,0.19,-0.02,0.19,0.31,0.2,1,0.11,-0.27,-0.28,0.28,0.62,0.5,0.26
"TN_mgL",0.39,-0.16,0.17,0.37,-0.06,0.34,-0.23,0.09,-0.06,0.2,0.3,0.38,0.57,0.1,0.39,0.11,1,0.66,0.87,0.02,-0.12,0.1,0.18
"TN_mgL",0.24,0.56,0.27,0.6,-0.93,0.44,-0.85,0.42,0.63,0.49,0.36,0.47,0.78,-0.06,0.76,-0.27,0.66,1,0.68,0,-0.65,-0.02,-0.01
"TN_mgL",-0.14,0.5,0.22,0.59,-0.25,0.09,-0.22,0.21,0.35,-0.01,-0.07,0.44,0.65,0.41,0.44,-0.28,0.87,0.68,1,-0.17,-0.4,-0.31,0.07
"TN_mgL",0.45,-0.16,0.54,0.43,0.01,0.24,0.03,0.03,-0.23,-0.22,-0.08,-0.19,0.3,0.45,0.04,0.28,0.02,0,-0.17,1,0.73,0.61,0.81
"TN_mgL",0.31,-0.68,0.18,0.54,-0.09,0.46,0.19,-0.5,-0.42,-0.43,-0.16,-0.31,0.29,0.63,-0.05,0.62,-0.12,-0.65,-0.4,0.73,1,0.8,0.69
"TN_mgL",0.52,0.1,0.19,0,0.03,0.66,0.21,0.03,-0.04,0.09,0.17,0.43,0.59,0.21,0.1,0.5,0.1,-0.02,-0.31,0.61,0.8,1,0.44
"TN_mgL",0.34,-0.26,0.62,0.39,0,0.19,0,0.01,-0.32,-0.39,-0.1,-0.17,0.11,0.51,0.18,0.26,0.18,-0.01,0.07,0.81,0.69,0.44,1
"TotDissN_mgL",1,-0.6,0.66,0.11,0.88,0.75,0.67,-0.01,-0.2,0.38,0.72,0.45,0.94,0.56,0.08,0.7,0.46,NA,NA,0.51,0.58,0.67,0.24
"TotDissN_mgL",-0.6,1,-0.23,-0.8,-0.58,-0.49,-0.2,-0.1,-0.02,-0.49,-0.47,-0.17,-0.51,-0.46,0.14,-0.2,-0.35,NA,-1,-0.39,-0.33,-0.25,0.07
"TotDissN_mgL",0.66,-0.23,1,-0.03,0.75,0.75,0.81,0.09,-0.24,0.15,0.46,0.55,0.78,0.7,0.37,0.71,0.53,NA,-1,0.22,0.66,0.84,0.71
"TotDissN_mgL",0.11,-0.8,-0.03,1,-0.09,-0.46,0.4,-0.8,-0.97,-0.94,-0.81,-0.82,0.03,1,-0.83,0.26,-0.63,NA,1,0.59,0.71,-0.41,0.29
"TotDissN_mgL",0.88,-0.58,0.75,-0.09,1,0.77,0.62,0.04,-0.21,0.35,0.79,0.51,0.87,0.74,0.36,0.63,0.52,NA,-1,0.34,0.6,0.79,0.26
"TotDissN_mgL",0.75,-0.49,0.75,-0.46,0.77,1,0.47,0.49,0.33,0.74,0.74,0.73,0.89,0.55,0.19,0.31,0.79,NA,-1,0.22,0.3,0.91,-0.1
"TotDissN_mgL",0.67,-0.2,0.81,0.4,0.62,0.47,1,-0.28,-0.36,-0.13,0.07,0.21,0.75,0.89,-0.19,0.59,0.05,NA,1,0.54,0.91,0.62,0.14
"TotDissN_mgL",-0.01,-0.1,0.09,-0.8,0.04,0.49,-0.28,1,0.89,0.67,0.4,0.62,0.18,-0.46,0.13,-0.29,0.55,NA,1,-0.02,-0.38,0.45,-0.2
"TotDissN_mgL",-0.2,-0.02,-0.24,-0.97,-0.21,0.33,-0.36,0.89,1,0.73,0.3,0.41,-0.13,-0.52,-0.14,-0.48,0.26,NA,-1,-0.01,-0.61,0.29,-0.44
"TotDissN_mgL",0.38,-0.49,0.15,-0.94,0.35,0.74,-0.13,0.67,0.73,1,0.5,0.4,0.44,0.11,-0.1,-0.28,0.64,NA,-1,-0.04,-0.38,0.46,-0.58
"TotDissN_mgL",0.72,-0.47,0.46,-0.81,0.79,0.74,0.07,0.4,0.3,0.5,1,0.78,0.65,0.43,0.53,0.53,0.61,NA,-1,0.28,-0.1,0.72,0.36
"TotDissN_mgL",0.45,-0.17,0.55,-0.82,0.51,0.73,0.21,0.62,0.41,0.4,0.78,1,0.68,0.21,0.75,0.43,0.73,NA,1,0.35,-0.2,0.87,0.37
"TotDissN_mgL",0.94,-0.51,0.78,0.03,0.87,0.89,0.75,0.18,-0.13,0.44,0.65,0.68,1,0.51,0.08,0.89,0.59,NA,-1,0.51,0.63,0.74,0.8
"TotDissN_mgL",0.56,-0.46,0.7,1,0.74,0.55,0.89,-0.46,-0.52,0.11,0.43,0.21,0.51,1,-0.1,0.78,-0.01,NA,NA,0.47,0.82,0.9,0.3
"TotDissN_mgL",0.08,0.14,0.37,-0.83,0.36,0.19,-0.19,0.13,-0.14,-0.1,0.53,0.75,0.08,-0.1,1,0.24,0.52,NA,1,-0.37,-0.35,0.53,0.56
"TotDissN_mgL",0.7,-0.2,0.71,0.26,0.63,0.31,0.59,-0.29,-0.48,-0.28,0.53,0.43,0.89,0.78,0.24,1,0.01,NA,-1,0.7,0.82,0.6,0.78
"TotDissN_mgL",0.46,-0.35,0.53,-0.63,0.52,0.79,0.05,0.55,0.26,0.64,0.61,0.73,0.59,-0.01,0.52,0.01,1,NA,1,-0.21,-0.07,0.78,-0.07
"TotDissN_mgL",NA,NA,NA,NA,NA,NA,NA,NA,NA,NA,NA,NA,NA,NA,NA,NA,NA,NA,NA,NA,NA,NA,NA
"TotDissN_mgL",NA,-1,-1,1,-1,-1,1,1,-1,-1,-1,1,-1,NA,1,-1,1,NA,1,1,1,1,1
"TotDissN_mgL",0.51,-0.39,0.22,0.59,0.34,0.22,0.54,-0.02,-0.01,-0.04,0.28,0.35,0.51,0.47,-0.37,0.7,-0.21,NA,1,1,0.64,0.26,0.42
"TotDissN_mgL",0.58,-0.33,0.66,0.71,0.6,0.3,0.91,-0.38,-0.61,-0.38,-0.1,-0.2,0.63,0.82,-0.35,0.82,-0.07,NA,1,0.64,1,0.29,0.64
"TotDissN_mgL",0.67,-0.25,0.84,-0.41,0.79,0.91,0.62,0.45,0.29,0.46,0.72,0.87,0.74,0.9,0.53,0.6,0.78,NA,1,0.26,0.29,1,0.64
"TotDissN_mgL",0.24,0.07,0.71,0.29,0.26,-0.1,0.14,-0.2,-0.44,-0.58,0.36,0.37,0.8,0.3,0.56,0.78,-0.07,NA,1,0.42,0.64,0.64,1
"NO2_mgL",NA,NA,NA,NA,NA,NA,NA,NA,NA,NA,NA,NA,NA,NA,NA,NA,NA,NA,NA,NA,NA,NA,NA
"NO2_mgL",NA,1,-0.07,0.71,1,NA,NA,-0.95,-0.3,0.38,-0.11,0.53,0,0.66,-0.05,-1,-0.41,-0.03,0.31,0.21,0.87,0.09,0.19
"NO2_mgL",NA,-0.07,1,0.18,1,NA,NA,0.11,0.53,0.5,0.49,0.54,0.58,0.74,-0.17,NA,-0.36,0.73,-0.01,-0.1,0.86,0.2,0.18
"NO2_mgL",NA,0.71,0.18,1,NA,NA,NA,NA,0.33,0.77,0.51,-0.12,-0.39,-1,0.3,NA,-1,0.38,0.4,-0.3,0.01,NA,-0.03
"NO2_mgL",NA,1,1,NA,1,NA,NA,-0.5,-1,-1,-1,NA,0.5,NA,-1,NA,NA,NA,NA,0.94,NA,-1,0.61
"NO2_mgL",NA,NA,NA,NA,NA,NA,NA,NA,NA,NA,NA,NA,NA,NA,NA,NA,NA,NA,NA,NA,NA,NA,NA
"NO2_mgL",NA,NA,NA,NA,NA,NA,NA,NA,NA,NA,NA,NA,NA,NA,NA,NA,NA,NA,NA,NA,NA,NA,NA
"NO2_mgL",NA,-0.95,0.11,NA,-0.5,NA,NA,1,0.67,0,0.44,0.11,0.3,-0.97,0.41,NA,0.32,NA,NA,0.14,-1,0.23,-0.28
"NO2_mgL",NA,-0.3,0.53,0.33,-1,NA,NA,0.67,1,0.91,0.37,0.89,0.4,0.11,-0.09,-1,0.47,0.43,-0.15,-0.12,0.34,0.71,-0.06
"NO2_mgL",NA,0.38,0.5,0.77,-1,NA,NA,0,0.91,1,0.98,0.56,0.75,0.53,0.09,-1,-0.43,0.94,NA,-0.06,0.94,0.71,0.07
"NO2_mgL",NA,-0.11,0.49,0.51,-1,NA,NA,0.44,0.37,0.98,1,0.68,0.62,0.5,0.07,-1,-0.18,1,NA,0.04,0.9,0.59,0.2
"NO2_mgL",NA,0.53,0.54,-0.12,NA,NA,NA,0.11,0.89,0.56,0.68,1,0.96,1,-0.23,-1,1,-1,-1,0.03,1,1,0.09
"NO2_mgL",NA,0,0.58,-0.39,0.5,NA,NA,0.3,0.4,0.75,0.62,0.96,1,0.86,0.04,-1,-0.16,0.5,0.17,0.35,0.93,0.78,0.02
"NO2_mgL",NA,0.66,0.74,-1,NA,NA,NA,-0.97,0.11,0.53,0.5,1,0.86,1,-0.39,NA,-0.18,NA,NA,0.68,1,0.42,0.47
"NO2_mgL",NA,-0.05,-0.17,0.3,-1,NA,NA,0.41,-0.09,0.09,0.07,-0.23,0.04,-0.39,1,NA,0.16,0.77,0.77,0.16,0.75,0.4,0.03
"NO2_mgL",NA,-1,NA,NA,NA,NA,NA,NA,-1,-1,-1,-1,-1,NA,NA,1,-1,NA,NA,NA,NA,-1,-1
"NO2_mgL",NA,-0.41,-0.36,-1,NA,NA,NA,0.32,0.47,-0.43,-0.18,1,-0.16,-0.18,0.16,-1,1,NA,NA,-0.23,1,-0.16,-0.5
"NO2_mgL",NA,-0.03,0.73,0.38,NA,NA,NA,NA,0.43,0.94,1,-1,0.5,NA,0.77,NA,NA,1,0.99,-0.07,-1,NA,-0.31
"NO2_mgL",NA,0.31,-0.01,0.4,NA,NA,NA,NA,-0.15,NA,NA,-1,0.17,NA,0.77,NA,NA,0.99,1,-0.3,-1,NA,-0.38
"NO2_mgL",NA,0.21,-0.1,-0.3,0.94,NA,NA,0.14,-0.12,-0.06,0.04,0.03,0.35,0.68,0.16,NA,-0.23,-0.07,-0.3,1,-0.26,0.96,0.67
"NO2_mgL",NA,0.87,0.86,0.01,NA,NA,NA,-1,0.34,0.94,0.9,1,0.93,1,0.75,NA,1,-1,-1,-0.26,1,1,0.9
"NO2_mgL",NA,0.09,0.2,NA,-1,NA,NA,0.23,0.71,0.71,0.59,1,0.78,0.42,0.4,-1,-0.16,NA,NA,0.96,1,1,0.43
"NO2_mgL",NA,0.19,0.18,-0.03,0.61,NA,NA,-0.28,-0.06,0.07,0.2,0.09,0.02,0.47,0.03,-1,-0.5,-0.31,-0.38,0.67,0.9,0.43,1
"NO2.NO3_mgL",1,0.13,0.59,-0.18,0.5,0.82,0.66,0.35,0.23,0.11,0.16,0.75,0.91,0.58,-0.1,0.33,-0.02,NA,-1,0.76,0.79,0.56,0.32
"NO2.NO3_mgL",0.13,1,0.54,-0.24,0.23,0.03,0.38,-0.16,0,-0.07,0.17,0.08,0.12,-0.02,0.14,-0.29,-0.34,NA,-1,0.18,0.1,-0.07,0.36
"NO2.NO3_mgL",0.59,0.54,1,-0.35,0.56,0.56,0.84,-0.17,-0.31,-0.44,-0.35,0.2,0.61,0.28,0.11,-0.16,-0.15,NA,-1,0.19,0.17,0.2,0.45
"NO2.NO3_mgL",-0.18,-0.24,-0.35,1,-0.1,-0.72,0.02,-1,-0.85,-0.86,-0.62,-1,-0.07,1,-0.81,0.21,-0.99,NA,NA,0.31,1,-0.93,-0.25
"NO2.NO3_mgL",0.5,0.23,0.56,-0.1,1,0.63,0.57,0.24,-0.12,-0.11,-0.02,0.2,0.28,0.11,0.28,-0.41,-0.26,NA,1,0.2,0,0.03,0.07
"NO2.NO3_mgL",0.82,0.03,0.56,-0.72,0.63,1,0.5,0.59,0.55,0.32,0.19,0.72,0.64,0.46,0.29,-0.02,0.3,NA,-1,0.3,0.32,0.71,-0.04
"NO2.NO3_mgL",0.66,0.38,0.84,0.02,0.57,0.5,1,-0.27,-0.35,-0.05,0.35,0.39,0.54,0.79,-0.01,0.17,-0.21,NA,-1,0.47,0.6,0.12,0.32
"NO2.NO3_mgL",0.35,-0.16,-0.17,-1,0.24,0.59,-0.27,1,0.84,0.57,0.37,0.6,0.11,-0.27,0.35,-0.12,0.38,NA,-1,0.08,-0.23,0.69,-0.16
"NO2.NO3_mgL",0.23,0,-0.31,-0.85,-0.12,0.55,-0.35,0.84,1,0.86,0.59,0.6,-0.08,-0.14,0.18,-0.1,0.59,NA,-1,0.01,0,0.76,-0.39
"NO2.NO3_mgL",0.11,-0.07,-0.44,-0.86,-0.11,0.32,-0.05,0.57,0.86,1,0.8,0.49,-0.29,0.26,0.01,0.01,0.57,NA,-1,0.05,0.25,0.75,-0.42
"NO2.NO3_mgL",0.16,0.17,-0.35,-0.62,-0.02,0.19,0.35,0.37,0.59,0.8,1,0.56,-0.3,0.46,0.18,0.25,0.14,NA,-1,0.33,0.31,0.57,0.13
"NO2.NO3_mgL",0.75,0.08,0.2,-1,0.2,0.72,0.39,0.6,0.6,0.49,0.56,1,0.51,0.55,0.79,0.29,0.39,NA,NA,0.52,0.98,0.95,0.3
"NO2.NO3_mgL",0.91,0.12,0.61,-0.07,0.28,0.64,0.54,0.11,-0.08,-0.29,-0.3,0.51,1,0.31,-0.36,0.32,-0.16,NA,-1,0.75,0.66,0.48,0.79
"NO2.NO3_mgL",0.58,-0.02,0.28,1,0.11,0.46,0.79,-0.27,-0.14,0.26,0.46,0.55,0.31,1,-0.09,0.69,-0.08,NA,NA,0.55,0.65,0.66,0.52
"NO2.NO3_mgL",-0.1,0.14,0.11,-0.81,0.28,0.29,-0.01,0.35,0.18,0.01,0.18,0.79,-0.36,-0.09,1,-0.05,0.09,NA,1,-0.36,-0.84,0.36,0.26
"NO2.NO3_mgL",0.33,-0.29,-0.16,0.21,-0.41,-0.02,0.17,-0.12,-0.1,0.01,0.25,0.29,0.32,0.69,-0.05,1,-0.07,NA,-1,0.54,0.42,0.3,0.52
"NO2.NO3_mgL",-0.02,-0.34,-0.15,-0.99,-0.26,0.3,-0.21,0.38,0.59,0.57,0.14,0.39,-0.16,-0.08,0.09,-0.07,1,NA,1,-0.44,-0.46,0.83,-0.61
"NO2.NO3_mgL",NA,NA,NA,NA,NA,NA,NA,NA,NA,NA,NA,NA,NA,NA,NA,NA,NA,NA,NA,NA,NA,NA,NA
"NO2.NO3_mgL",-1,-1,-1,NA,1,-1,-1,-1,-1,-1,-1,NA,-1,NA,1,-1,1,NA,1,-1,1,NA,-1
"NO2.NO3_mgL",0.76,0.18,0.19,0.31,0.2,0.3,0.47,0.08,0.01,0.05,0.33,0.52,0.75,0.55,-0.36,0.54,-0.44,NA,-1,1,0.91,0.24,0.59
"NO2.NO3_mgL",0.79,0.1,0.17,1,0,0.32,0.6,-0.23,0,0.25,0.31,0.98,0.66,0.65,-0.84,0.42,-0.46,NA,1,0.91,1,0.5,0.55
"NO2.NO3_mgL",0.56,-0.07,0.2,-0.93,0.03,0.71,0.12,0.69,0.76,0.75,0.57,0.95,0.48,0.66,0.36,0.3,0.83,NA,NA,0.24,0.5,1,0.5
"NO2.NO3_mgL",0.32,0.36,0.45,-0.25,0.07,-0.04,0.32,-0.16,-0.39,-0.42,0.13,0.3,0.79,0.52,0.26,0.52,-0.61,NA,-1,0.59,0.55,0.5,1
"NO3_ueqL",1,-0.13,-0.41,-0.47,0.8,0.2,0.51,0.23,-0.27,0.4,0.56,-0.49,0.06,0.18,-0.14,0.74,-0.22,-0.52,-0.78,0.16,1,-0.51,-0.07
"NO3_ueqL",-0.13,1,0.27,-0.07,-0.59,0.61,-0.22,0.49,0.67,0.51,0.46,0.39,0.75,0.22,0.69,-0.17,0.17,0.05,-0.2,-0.05,-1,0.67,-0.42
"NO3_ueqL",-0.41,0.27,1,-0.2,0.76,0.05,0.68,0.1,0.06,-0.08,-0.09,0.3,0.3,0.55,0.56,0.25,-0.33,0.42,0.59,0.6,1,0.75,0.53
"NO3_ueqL",-0.47,-0.07,-0.2,1,-0.8,-0.41,-0.98,-0.33,-0.18,-0.29,-0.36,0.54,-0.06,-0.08,0.14,-0.26,0.27,0.73,0.63,-0.25,NA,-0.82,-0.06
"NO3_ueqL",0.8,-0.59,0.76,-0.8,1,0.89,0.89,-0.04,-0.64,-0.09,0.17,-0.35,0.18,0.87,-0.18,0.74,-0.5,-0.53,-0.47,0.7,1,1,0.65
"NO3_ueqL",0.2,0.61,0.05,-0.41,0.89,1,0.78,0.96,0.81,0.92,0.82,0.09,0.8,-0.22,0.77,-0.3,0.09,-0.53,-0.7,0.27,1,0.98,-0.3
"NO3_ueqL",0.51,-0.22,0.68,-0.98,0.89,0.78,1,0.05,-0.26,-0.11,0.24,-0.47,-0.29,0.65,-0.5,0.4,-0.4,-0.67,-0.61,0.4,1,0.92,0.4
"NO3_ueqL",0.23,0.49,0.1,-0.33,-0.04,0.96,0.05,1,0.76,0.97,0.88,0.8,0.64,-0.15,0.67,-0.49,0.07,-0.41,-0.5,0.23,-1,0.96,-0.31
"NO3_ueqL",-0.27,0.67,0.06,-0.18,-0.64,0.81,-0.26,0.76,1,0.71,0.56,0.34,0.64,-0.32,0.76,-0.5,0.38,-0.26,-0.5,-0.09,-1,0.89,-0.44
"NO3_ueqL",0.4,0.51,-0.08,-0.29,-0.09,0.92,-0.11,0.97,0.71,1,0.96,0.92,0.67,-0.11,0.69,-0.26,0.19,-0.4,-0.55,0.13,-1,0.93,-0.38
"NO3_ueqL",0.56,0.46,-0.09,-0.36,0.17,0.82,0.24,0.88,0.56,0.96,1,0.72,0.59,0.09,0.59,0.12,0.07,-0.41,-0.58,0.23,-1,0.76,-0.29
"NO3_ueqL",-0.49,0.39,0.3,0.54,-0.35,0.09,-0.47,0.8,0.34,0.92,0.72,1,0.22,0.15,0.87,-0.41,0.89,0.97,0.98,-0.53,-1,0.14,-0.65
"NO3_ueqL",0.06,0.75,0.3,-0.06,0.18,0.8,-0.29,0.64,0.64,0.67,0.59,0.22,1,0.09,0.91,0.01,-0.03,0.04,-0.55,0.5,1,0.76,-0.02
"NO3_ueqL",0.18,0.22,0.55,-0.08,0.87,-0.22,0.65,-0.15,-0.32,-0.11,0.09,0.15,0.09,1,0.17,0.75,-0.49,0.25,0.47,0.35,1,-0.08,0.44
"NO3_ueqL",-0.14,0.69,0.56,0.14,-0.18,0.77,-0.5,0.67,0.76,0.69,0.59,0.87,0.91,0.17,1,-0.03,0.03,0.23,-0.03,0.56,1,0.79,0.17
"NO3_ueqL",0.74,-0.17,0.25,-0.26,0.74,-0.3,0.4,-0.49,-0.5,-0.26,0.12,-0.41,0.01,0.75,-0.03,1,-0.53,-0.09,-0.17,0.46,1,-0.25,0.48
"NO3_ueqL",-0.22,0.17,-0.33,0.27,-0.5,0.09,-0.4,0.07,0.38,0.19,0.07,0.89,-0.03,-0.49,0.03,-0.53,1,0.31,0.14,-0.74,-1,-0.46,-0.78
"NO3_ueqL",-0.52,0.05,0.42,0.73,-0.53,-0.53,-0.67,-0.41,-0.26,-0.4,-0.41,0.97,0.04,0.25,0.23,-0.09,0.31,1,0.95,0.02,-1,-0.56,0.18
"NO3_ueqL",-0.78,-0.2,0.59,0.63,-0.47,-0.7,-0.61,-0.5,-0.5,-0.55,-0.58,0.98,-0.55,0.47,-0.03,-0.17,0.14,0.95,1,-0.09,-1,-0.11,0.28
"NO3_ueqL",0.16,-0.05,0.6,-0.25,0.7,0.27,0.4,0.23,-0.09,0.13,0.23,-0.53,0.5,0.35,0.56,0.46,-0.74,0.02,-0.09,1,1,0.84,0.87
"NO3_ueqL",1,-1,1,NA,1,1,1,-1,-1,-1,-1,-1,1,1,1,1,-1,-1,-1,1,1,NA,1
"NO3_ueqL",-0.51,0.67,0.75,-0.82,1,0.98,0.92,0.96,0.89,0.93,0.76,0.14,0.76,-0.08,0.79,-0.25,-0.46,-0.56,-0.11,0.84,NA,1,0.54
"NO3_ueqL",-0.07,-0.42,0.53,-0.06,0.65,-0.3,0.4,-0.31,-0.44,-0.38,-0.29,-0.65,-0.02,0.44,0.17,0.48,-0.78,0.18,0.28,0.87,1,0.54,1
"SO4_ueqL",1,-0.62,-0.69,-0.31,0.8,-0.56,0.88,-0.66,-0.68,-0.53,-0.44,0.19,-0.63,-0.54,-0.55,0.1,0.55,-0.17,-0.63,-0.54,0.92,-0.32,-0.55
"SO4_ueqL",-0.62,1,0.68,0.66,0.2,0.54,0.47,0.94,0.46,0.52,0.52,-0.06,0.62,0.85,0.55,0.08,-0.44,0.76,0.99,0.57,0.65,0.46,0.82
"SO4_ueqL",-0.69,0.68,1,0.21,0.36,0.93,0.17,0.97,0.92,0.85,0.78,0.14,0.93,0.54,0.68,-0.21,-0.07,0.78,0.68,0.82,-0.04,0.51,0.48
"SO4_ueqL",-0.31,0.66,0.21,1,0.41,-0.34,-0.34,-0.87,-0.63,0.54,0.61,0.84,0.96,0.83,0.91,0.89,-0.33,0.29,0.68,0.62,-0.2,0.71,0.84
"SO4_ueqL",0.8,0.2,0.36,0.41,1,0.68,0.54,-0.32,-0.94,-0.29,-0.12,0.67,0.42,0.02,0.13,0.33,0.62,0.5,0.75,0.46,0.52,0.08,0.52
"SO4_ueqL",-0.56,0.54,0.93,-0.34,0.68,1,0.95,0.98,0.95,0.95,0.89,-0.07,0.94,0.52,0.82,-0.35,0.1,0.04,-0.12,0.85,0.88,0.64,0.42
"SO4_ueqL",0.88,0.47,0.17,-0.34,0.54,0.95,1,0.16,-0.28,-0.77,-0.64,-0.25,-0.45,-0.81,-0.66,-0.13,0.8,0.87,0.88,-0.48,0.97,-0.79,-0.43
"SO4_ueqL",-0.66,0.94,0.97,-0.87,-0.32,0.98,0.16,1,0.98,0.95,0.89,-0.62,0.97,0.74,0.78,-0.26,0.03,0.13,-0.31,0.83,-0.04,0.59,0.62
"SO4_ueqL",-0.68,0.46,0.92,-0.63,-0.94,0.95,-0.28,0.98,1,0.9,0.82,-0.8,0.92,0.4,0.74,-0.3,0.08,-0.28,-0.5,0.75,-0.23,0.53,0.31
"SO4_ueqL",-0.53,0.52,0.85,0.54,-0.29,0.95,-0.77,0.95,0.9,1,0.99,0.42,0.96,0.61,0.85,-0.2,0.1,-0.48,0.01,0.89,-0.62,0.77,0.47
"SO4_ueqL",-0.44,0.52,0.78,0.61,-0.12,0.89,-0.64,0.89,0.82,0.99,1,0.51,0.93,0.63,0.82,-0.09,0.15,-0.38,0.07,0.87,-0.46,0.79,0.47
"SO4_ueqL",0.19,-0.06,0.14,0.84,0.67,-0.07,-0.25,-0.62,-0.8,0.42,0.51,1,0.93,0.75,0.78,0.61,0.09,-0.26,0.14,0.91,-0.22,0.78,0.96
"SO4_ueqL",-0.63,0.62,0.93,0.96,0.42,0.94,-0.45,0.97,0.92,0.96,0.93,0.93,1,0.6,0.78,-0.07,0.08,0.09,0.53,0.89,-0.35,0.66,0.5
"SO4_ueqL",-0.54,0.85,0.54,0.83,0.02,0.52,-0.81,0.74,0.4,0.61,0.63,0.75,0.6,1,0.77,0,-0.45,0.3,0.93,0.73,-0.74,0.81,0.96
"SO4_ueqL",-0.55,0.55,0.68,0.91,0.13,0.82,-0.66,0.78,0.74,0.85,0.82,0.78,0.78,0.77,1,-0.38,-0.17,-0.28,0.45,0.87,-0.53,0.82,0.71
"SO4_ueqL",0.1,0.08,-0.21,0.89,0.33,-0.35,-0.13,-0.26,-0.3,-0.2,-0.09,0.61,-0.07,0,-0.38,1,0.27,0.13,0.42,-0.19,0.06,-0.31,0.01
"SO4_ueqL",0.55,-0.44,-0.07,-0.33,0.62,0.1,0.8,0.03,0.08,0.1,0.15,0.09,0.08,-0.45,-0.17,0.27,1,-0.34,-0.7,-0.09,0.9,-0.2,-0.53
"SO4_ueqL",-0.17,0.76,0.78,0.29,0.5,0.04,0.87,0.13,-0.28,-0.48,-0.38,-0.26,0.09,0.3,-0.28,0.13,-0.34,1,0.8,-0.07,0.74,-0.78,0.33
"SO4_ueqL",-0.63,0.99,0.68,0.68,0.75,-0.12,0.88,-0.31,-0.5,0.01,0.07,0.14,0.53,0.93,0.45,0.42,-0.7,0.8,1,0.23,0.94,-0.49,0.91
"SO4_ueqL",-0.54,0.57,0.82,0.62,0.46,0.85,-0.48,0.83,0.75,0.89,0.87,0.91,0.89,0.73,0.87,-0.19,-0.09,-0.07,0.23,1,-0.51,0.86,0.68
"SO4_ueqL",0.92,0.65,-0.04,-0.2,0.52,0.88,0.97,-0.04,-0.23,-0.62,-0.46,-0.22,-0.35,-0.74,-0.53,0.06,0.9,0.74,0.94,-0.51,1,-0.77,-0.44
"SO4_ueqL",-0.32,0.46,0.51,0.71,0.08,0.64,-0.79,0.59,0.53,0.77,0.79,0.78,0.66,0.81,0.82,-0.31,-0.2,-0.78,-0.49,0.86,-0.77,1,0.73
"SO4_ueqL",-0.55,0.82,0.48,0.84,0.52,0.42,-0.43,0.62,0.31,0.47,0.47,0.96,0.5,0.96,0.71,0.01,-0.53,0.33,0.91,0.68,-0.44,0.73,1
"Cl_ueqL",1,0.61,0.61,0.35,0.41,0.03,0.53,0.2,0.26,0.18,0.14,0.58,0.28,0.27,0.39,0.58,0.26,0.37,-0.03,0.44,-0.91,0.81,0.8
"Cl_ueqL",0.61,1,0.82,0.78,0.46,0.51,0.48,0.98,0.88,0.8,0.72,0.57,0.75,0.68,0.7,0.44,0.42,0.69,0.44,0.88,-0.88,0.72,0.41
"Cl_ueqL",0.61,0.82,1,0.15,-0.2,-0.02,0.89,0.91,0.62,0.41,0.31,0.98,0.44,0.26,0.44,0.22,-0.01,0.41,-0.29,0.59,-0.41,0.82,0.24
"Cl_ueqL",0.35,0.78,0.15,1,0.09,0.75,0.77,0.91,0.93,0.91,0.94,0.85,0.97,0.89,0.91,0.47,0.68,0.93,0.9,0.9,-0.69,0.82,0.66
"Cl_ueqL",0.41,0.46,-0.2,0.09,1,0.9,-0.56,0.3,-0.43,0.08,-0.03,-0.4,0.35,0.95,0.76,-0.02,0.93,-0.62,-0.59,0.8,-0.56,-0.31,0.18
"Cl_ueqL",0.03,0.51,-0.02,0.75,0.9,1,-0.38,0.93,0.85,0.87,0.89,-0.37,0.87,0.76,0.74,0.14,0.37,0.39,0.8,0.82,-0.79,0.41,0.28
"Cl_ueqL",0.53,0.48,0.89,0.77,-0.56,-0.38,1,0.63,-0.51,-0.77,-0.81,0.93,0.3,-0.78,-0.06,0.8,-0.21,0.86,1,0.04,-0.27,0.92,0.66
"Cl_ueqL",0.2,0.98,0.91,0.91,0.3,0.93,0.63,1,0.98,0.99,1,0.68,0.97,0.86,0.87,0.16,0.28,0.82,0.77,0.93,-0.85,0.63,0.34
"Cl_ueqL",0.26,0.88,0.62,0.93,-0.43,0.85,-0.51,0.98,1,0.98,0.97,-0.62,0.97,0.85,0.91,0.15,0.34,0.84,0.83,0.94,0.84,0.72,0.38
"Cl_ueqL",0.18,0.8,0.41,0.91,0.08,0.87,-0.77,0.99,0.98,1,0.99,-0.94,0.96,0.86,0.87,0.16,0.38,0.88,0.82,0.93,0.35,0.64,0.37
"Cl_ueqL",0.14,0.72,0.31,0.94,-0.03,0.89,-0.81,1,0.97,0.99,1,-0.88,0.97,0.87,0.89,0.16,0.41,0.88,0.9,0.92,0.65,0.62,0.37
"Cl_ueqL",0.58,0.57,0.98,0.85,-0.4,-0.37,0.93,0.68,-0.62,-0.94,-0.88,1,0.62,-0.61,0.24,0.92,-0.03,0.61,0.91,0.23,-0.22,0.78,0.58
"Cl_ueqL",0.28,0.75,0.44,0.97,0.35,0.87,0.3,0.97,0.97,0.96,0.97,0.62,1,0.91,0.96,0.23,0.49,0.79,0.97,0.96,-0.28,0.74,0.46
"Cl_ueqL",0.27,0.68,0.26,0.89,0.95,0.76,-0.78,0.86,0.85,0.86,0.87,-0.61,0.91,1,0.94,0.27,0.7,0.64,0.97,0.86,-0.28,0.69,0.42
"Cl_ueqL",0.39,0.7,0.44,0.91,0.76,0.74,-0.06,0.87,0.91,0.87,0.89,0.24,0.96,0.94,1,0.23,0.6,0.69,0.99,0.94,-0.51,0.86,0.51
"Cl_ueqL",0.58,0.44,0.22,0.47,-0.02,0.14,0.8,0.16,0.15,0.16,0.16,0.92,0.23,0.27,0.23,1,0.36,0.35,0.14,0.31,-0.51,0.32,0.64
"Cl_ueqL",0.26,0.42,-0.01,0.68,0.93,0.37,-0.21,0.28,0.34,0.38,0.41,-0.03,0.49,0.7,0.6,0.36,1,0.38,0.74,0.56,-0.73,0.27,0.44
"Cl_ueqL",0.37,0.69,0.41,0.93,-0.62,0.39,0.86,0.82,0.84,0.88,0.88,0.61,0.79,0.64,0.69,0.35,0.38,1,0.77,0.75,-0.3,0.73,0.55
"Cl_ueqL",-0.03,0.44,-0.29,0.9,-0.59,0.8,1,0.77,0.83,0.82,0.9,0.91,0.97,0.97,0.99,0.14,0.74,0.77,1,0.84,-0.24,0.92,0.43
"Cl_ueqL",0.44,0.88,0.59,0.9,0.8,0.82,0.04,0.93,0.94,0.93,0.92,0.23,0.96,0.86,0.94,0.31,0.56,0.75,0.84,1,-0.79,0.76,0.54
"Cl_ueqL",-0.91,-0.88,-0.41,-0.69,-0.56,-0.79,-0.27,-0.85,0.84,0.35,0.65,-0.22,-0.28,-0.28,-0.51,-0.51,-0.73,-0.3,-0.24,-0.79,1,-0.59,-0.9
"Cl_ueqL",0.81,0.72,0.82,0.82,-0.31,0.41,0.92,0.63,0.72,0.64,0.62,0.78,0.74,0.69,0.86,0.32,0.27,0.73,0.92,0.76,-0.59,1,0.72
"Cl_ueqL",0.8,0.41,0.24,0.66,0.18,0.28,0.66,0.34,0.38,0.37,0.37,0.58,0.46,0.42,0.51,0.64,0.44,0.55,0.43,0.54,-0.9,0.72,1
