"NETNCode","Month","Year","Discharge","DO_mgL","pH","SpCond","Temp_C","Turbidity"
"ACABIN",5,2006,1.14,9.47,6.44,25,17.36,NA
"ACABIN",5,2008,0.314,8.71,6.21,27,15.51,NA
"ACABIN",5,2010,0.463,8.75,6.27,30,20.38,NA
"ACABIN",5,2012,17.7,10,5.9,21,9.61,0.46
"ACABIN",5,2014,0.739,8.44,7.65,28,17.8,0.37
"ACABIN",6,2006,2.4,8.1,6.45,27,22.89,NA
"ACABIN",6,2008,NA,6.88,6.3,30,24.29,NA
"ACABIN",6,2010,0.313,7.74,6.27,29,20.99,NA
"ACABIN",6,2012,13.955,7.83,5.77,19,15.44,0.54
"ACABIN",6,2014,0.274,4.93,6.44,46,15.6,0.35
"ACABIN",7,2006,6.26,6.22,5.98,23,22.59,NA
"ACABIN",7,2008,NA,4.04,6.17,38,23.96,NA
"ACABIN",7,2010,0.146,5.78,6.2,39,28.27,NA
"ACABIN",7,2012,0.227,6.31,6.18,36,27.64,2.41
"ACABIN",7,2014,0.242,6.14,6.19,30,21.2,0.37
"ACABIN",8,2006,0.229,6.09,6.17,29,20.02,NA
"ACABIN",8,2008,4.59,6.45,5.76,26,20.21,NA
"ACABIN",8,2010,0.194,6.82,6.16,35,26.32,NA
"ACABIN",8,2012,0.163,6.04,6.14,44,25.5,0.44
"ACABIN",8,2014,1.35,7.52,6.54,35,17.17,0.79
"ACABIN",9,2006,0.353,6.26,5.61,28,16.83,NA
"ACABIN",9,2008,0.811,4.35,5.62,27,16.79,NA
"ACABIN",9,2010,0.096,6.44,6.09,37,15.84,NA
"ACABIN",9,2012,1.43,6.13,5.64,30,17.19,0.22
"ACABIN",9,2014,0,5.41,6.18,40,17.07,0.58
"ACABIN",10,2006,3.54,10.24,5.62,33,7.37,NA
"ACABIN",10,2008,0.413,8.87,5.88,26,11.59,NA
"ACABIN",10,2010,0.591,6.99,5.89,34,13.12,NA
"ACABIN",10,2012,1.2,7.18,5.77,29,14.66,0
"ACABIN",10,2014,0,8.89,6.2,34,14.28,0.69
"ACBRKB",5,2006,1.31,9.27,6.73,31,15.58,NA
"ACBRKB",5,2008,0.893,9.39,6.73,35,16.78,NA
"ACBRKB",5,2010,0.82,9.4,6.56,38,13.69,NA
"ACBRKB",5,2012,2.189,9.81,6.75,35,15.29,0.7
"ACBRKB",5,2014,1.479,9.08,8.16,39,18.18,0.66
"ACBRKB",6,2006,3.08,8.47,6.66,30,20.89,NA
"ACBRKB",6,2008,0.45,9.01,6.77,41,17.8,NA
"ACBRKB",6,2010,1.41,9.51,6.73,36,14.95,NA
"ACBRKB",6,2012,0.273,7.95,6.74,45,20.58,0.99
"ACBRKB",6,2014,0.546,8.78,6.88,44,19.93,0.66
"ACBRKB",7,2006,8.33,8.38,6.7,25,22.19,NA
"ACBRKB",7,2008,NA,6.85,6.76,59,19.6,NA
"ACBRKB",7,2010,0.424,7.63,6.77,50,21.83,NA
"ACBRKB",7,2012,0.388,7.99,6.72,45,19.34,0.82
"ACBRKB",7,2014,1.52,7.72,6.86,44,24.43,0.43
"ACBRKB",8,2006,0.207,9.16,6.31,39,15,NA
"ACBRKB",8,2008,5.68,8.57,6.52,32,20.62,NA
"ACBRKB",8,2010,0.555,7.95,6.88,50,22.38,NA
"ACBRKB",8,2012,0.146,7.9,6.78,56,20.89,0.77
"ACBRKB",8,2014,0.276,7.92,7.08,49,23.22,0.37
"ACBRKB",9,2006,0.168,9.18,6.68,39,15.65,NA
"ACBRKB",9,2008,0.256,8.32,6.66,47,17.14,NA
"ACBRKB",9,2010,0.186,8.2,6.72,52,18.58,NA
"ACBRKB",9,2012,0.649,8.99,6.69,39,17.5,0.86
"ACBRKB",9,2014,0.035,9.31,6.87,57,15.26,0.23
"ACBRKB",10,2006,8.23,10.5,6.49,33,12.22,NA
"ACBRKB",10,2008,2.62,10.83,6.45,30,9.82,NA
"ACBRKB",10,2010,4.31,9.88,6.53,39,13.12,NA
"ACBRKB",10,2012,2.26,10.99,6.33,32,12.2,0.83
"ACBRKB",10,2014,0.161,9.55,6.91,64,12.34,0.09
"ACBRWN",5,2007,0.547,12.95,6.69,129,5.92,NA
"ACBRWN",5,2009,0.347,11.34,6.54,120,9.78,NA
"ACBRWN",5,2011,0.919,11.36,6.33,86,10.23,NA
"ACBRWN",5,2013,0.54,11.34,6.74,107,9.1,0.11
"ACBRWN",6,2009,0.536,10.94,6.54,114,11.03,NA
"ACBRWN",6,2011,0.266,10.93,6.58,90,10.81,NA
"ACBRWN",6,2013,5.364,11.07,6.48,50,10.49,0.13
"ACBRWN",7,2007,0.335,18.91,12.26,405,29.37,NA
"ACBRWN",7,2009,1.06,10.72,6.4,65,12.38,NA
"ACBRWN",7,2011,0.052,8.37,6.46,176,18.79,NA
"ACBRWN",7,2013,0.296,9.77,6.83,112,15.65,0.1
"ACBRWN",8,2007,0.054,9.04,5.89,198,15.84,NA
"ACBRWN",8,2009,0.213,9.7,6.49,109,16.11,NA
"ACBRWN",8,2011,0.06,8.83,6.72,177,16.96,NA
"ACBRWN",8,2013,0.102,10.01,6.79,108,14.81,0.14
"ACBRWN",9,2007,0.058,9.69,6.42,204,13.47,NA
"ACBRWN",9,2009,0.239,10.23,6.44,100,13.57,NA
"ACBRWN",9,2011,0.142,9.41,6.6,140,16.03,NA
"ACBRWN",9,2013,2.983,9.9,5.87,41,16.09,0.1
"ACBRWN",10,2007,0.131,11.47,6.76,156,8.37,NA
"ACBRWN",10,2009,1.35,11.94,6.44,46,7.42,NA
"ACBRWN",10,2011,0.121,10.98,6.55,114,10.49,NA
"ACBRWN",10,2013,0.34,10.26,6.82,121,11.24,0
"ACBUBO",5,2007,0.854,10.92,6.14,32,15.38,NA
"ACBUBO",5,2009,4.3,10.7,6.43,35,12.22,NA
"ACBUBO",5,2011,3.85,10.46,6.63,29,15.87,NA
"ACBUBO",5,2013,0.966,10.12,6.78,30,16.46,0.36
"ACBUBO",6,2007,0.956,9.3,5.83,32,18.68,NA
"ACBUBO",6,2009,3.54,10.27,6.67,35,15.18,NA
"ACBUBO",6,2011,0.598,9.55,6.86,31,18.27,NA
"ACBUBO",6,2013,13.507,9.6,6.42,30,15.08,0.12
"ACBUBO",7,2007,0.043,8.44,6.18,32,24.72,NA
"ACBUBO",7,2009,3.25,9.08,6.35,29,18.43,NA
"ACBUBO",7,2011,0.033,23.15,19.13,90,67.42,NA
"ACBUBO",7,2013,0.212,8.38,6.86,32,25.25,0.24
"ACBUBO",8,2007,0.047,8.24,6.15,33,22.21,NA
"ACBUBO",8,2009,0.008,7.44,6.15,30,24.42,NA
"ACBUBO",8,2011,0.01,7.37,6.16,32,18.92,NA
"ACBUBO",8,2013,0.27,8.8,6.86,32,19.96,1.03
"ACBUBO",9,2007,NA,9.75,6.37,36,13.46,NA
"ACBUBO",9,2009,0.568,8.79,6.2,25,19.07,NA
"ACBUBO",9,2011,0.275,8.51,6.52,31,20.69,NA
"ACBUBO",9,2013,1.186,8.74,6.33,29,18.79,0.2
"ACBUBO",10,2007,1.42,10.2,6.66,33,13.23,NA
"ACBUBO",10,2009,2.39,10.35,6.5,26,11.29,NA
"ACBUBO",10,2011,8.582,9.26,6.5,31,16.46,NA
"ACBUBO",10,2013,0.3,9.77,6.92,29,14.99,0.06
"ACCADS",5,2006,0.04,9.17,5.86,28,11.58,NA
"ACCADS",5,2007,0.03,10.46,6.12,26,10.86,NA
"ACCADS",5,2008,0.03,10.33,6.04,25,9.9,NA
"ACCADS",5,2009,0.09,10.48,6.03,30,11.11,NA
"ACCADS",5,2010,0.045,10.83,6.03,25,7.77,NA
"ACCADS",5,2011,0.48,10.35,6.35,23,12.32,NA
"ACCADS",5,2012,0.09,10.76,6.27,22,9.77,0.04
"ACCADS",5,2013,0.57,11.09,6.43,26,9.19,0.11
"ACCADS",5,2014,0.06,10.98,6.6,25,9.42,0
"ACCADS",6,2006,0.12,9.31,6.19,20,15.13,NA
"ACCADS",6,2008,0.01,8.25,5.97,30,11.89,NA
"ACCADS",6,2009,0.01,9.34,5.85,31,10.66,NA
"ACCADS",6,2010,0.38,9.51,6.3,21,15.35,NA
"ACCADS",6,2011,0.01,9,5.64,29,11.94,NA
"ACCADS",6,2012,1.094,19.03,12.59,40,28.31,0.8
"ACCADS",6,2013,0.317,10.25,6.6,19,11.55,0.09
"ACCADS",6,2014,0.01,10.13,7.04,28,10.75,0.13
"ACCADS",7,2006,0.08,8.29,5.87,23,16.89,NA
"ACCADS",7,2007,0.002,5.53,5.08,32,11.88,NA
"ACCADS",7,2008,0.002,4.76,5.51,33,15.34,NA
"ACCADS",7,2009,0.13,9.83,6.04,20,12.44,NA
"ACCADS",7,2010,0.03,8.53,6.25,25,17.15,NA
"ACCADS",7,2011,0.002,6.4,5.66,30,15.26,NA
"ACCADS",7,2012,0.487,6.02,5.65,28,15.4,0.1
"ACCADS",7,2013,0.01,8.26,6.28,26,16.64,0.08
"ACCADS",7,2014,0.03,8.82,6.65,25,15.77,0.03
"ACCADS",8,2007,0.002,7.12,5.3,35,14.88,NA
"ACCADS",8,2008,0.06,8.62,5.94,27,14.79,NA
"ACCADS",8,2009,0.03,8.14,5.87,25,15.72,NA
"ACCADS",8,2010,0.002,6.95,5.98,29,17.11,NA
"ACCADS",8,2011,0.09,8.78,6.12,26,16.67,NA
"ACCADS",8,2012,0.002,4.61,5.45,31,16.94,0.06
"ACCADS",8,2013,0.054,8.75,6.3,22,16.6,0.06
"ACCADS",8,2014,0.002,6.51,6.17,30,14.85,0.07
"ACCADS",9,2006,0.1,16.73,11.31,50,28.44,NA
"ACCADS",9,2007,0.002,9.25,5.22,34,11.65,NA
"ACCADS",9,2008,0.24,9.7,5.87,22,14.41,NA
"ACCADS",9,2009,0.01,8.26,5.61,9,12.84,NA
"ACCADS",9,2010,0.002,8.01,6.17,28,16.72,NA
"ACCADS",9,2011,0.01,7.84,5.94,30,14.97,NA
"ACCADS",9,2012,0.002,7.31,5.91,27,15.53,0.48
"ACCADS",9,2013,0.112,8.75,5.28,22,17.15,0.2
"ACCADS",9,2014,0.001,3.07,5.49,35,12.28,0.04
"ACCADS",10,2006,0.19,11.17,5.67,27,9.02,NA
"ACCADS",10,2007,0.13,10.84,5.9,29,9.51,NA
"ACCADS",10,2008,0.19,11.16,6.14,30,8.37,NA
"ACCADS",10,2009,0.06,9.97,6.11,24,11.39,NA
"ACCADS",10,2010,0.31,9.88,6.5,25,12.48,NA
"ACCADS",10,2011,0.41,10.49,5.88,26,10.77,NA
"ACCADS",10,2012,2.7,10.72,6.02,22,11.57,0.08
"ACCADS",10,2013,0.09,10.24,6.87,25,7.01,0
"ACCADS",10,2014,0.002,2.77,5.43,42,12.71,0.26
"ACDKLI",5,2007,0.223,11.63,5.01,28,8.67,NA
"ACDKLI",5,2011,0.524,10.97,5.12,25,10.08,NA
"ACDKLI",5,2013,0.148,11.53,5.79,29,8.33,0.44
"ACDKLI",6,2007,0.04,10.2,5.34,27,13.02,NA
"ACDKLI",6,2011,0.074,10.35,5.75,27,13.32,NA
"ACDKLI",6,2013,0.632,10.36,5.09,27,13.54,0.09
"ACDKLI",7,2007,0.002,8.01,9.77,67,29.99,NA
"ACDKLI",7,2009,0.651,9.6,4.77,26,15.99,NA
"ACDKLI",7,2011,0.004,7.7,5.84,30,18,NA
"ACDKLI",7,2013,0.052,8.96,5.98,30,19.85,0.73
"ACDKLI",8,2009,0.017,8.68,5.7,28,18.54,NA
"ACDKLI",8,2011,0.082,8.86,5.8,35,16.46,NA
"ACDKLI",8,2013,0.229,9.66,5.53,27,15.62,0.19
"ACDKLI",9,2007,0.0068,10.11,4.84,46,10.75,NA
"ACDKLI",9,2009,0.019,10.2,6.05,26,12.56,NA
"ACDKLI",9,2011,0.003,8.68,6,34,16.21,NA
"ACDKLI",9,2013,0.598,20.12,10.15,48,29.21,0.82
"ACDKLI",10,2007,0.000438,8.14,NA,41,11,NA
"ACDKLI",10,2009,0.103,10.78,5.85,26,11.25,NA
"ACDKLI",10,2011,1.97,10.18,4.22,43,14.13,NA
"ACDKLI",10,2013,0.134,20.02,12.3,62,23.14,0.2
"ACDUCK",5,2009,12.9,11.09,6.6,36,10.86,NA
"ACDUCK",5,2011,11.6,10.93,6.24,33,11.74,NA
"ACDUCK",5,2013,3.817,9.92,6.71,34,16.11,0.06
"ACDUCK",6,2009,2.06,9.44,6.53,38,16.72,NA
"ACDUCK",6,2011,1.76,8.78,6.55,34,20.27,NA
"ACDUCK",6,2013,15.011,9.29,6.75,33,18,0.13
"ACDUCK",7,2009,5.95,8.54,6.52,34,20.52,NA
"ACDUCK",7,2011,0.753,14.92,12.73,71,47.71,NA
"ACDUCK",7,2013,2.997,7.72,6.61,35,25.72,0.65
"ACDUCK",8,2009,12.3,8.05,6.56,34,24.78,NA
"ACDUCK",8,2011,0.324,7.71,6.45,35,23.33,NA
"ACDUCK",8,2013,15.614,8.41,6.75,34,22.59,0.13
"ACDUCK",9,2009,1.73,8.5,6.46,23,20.73,NA
"ACDUCK",9,2011,0.292,8.04,6.36,40,19.57,NA
"ACDUCK",9,2013,5.14,8.63,5.83,33,21.26,0.47
"ACDUCK",10,2011,2.882,8.87,6.2,36,17.09,NA
"ACDUCK",10,2013,0.792,9.44,6.59,34,14.24,-0.13
"ACEGLO",5,2007,6.95,11.4,6.1,35,11.1,NA
"ACEGLO",6,2007,5.32,10.21,5.86,33,15.13,NA
"ACEGLO",7,2007,0.269,7.9,6.49,36,25.96,NA
"ACEGLO",8,2007,0.253,8.22,6.33,30,23.28,NA
"ACEGLO",9,2007,0.147,8.83,6.58,37,20.78,NA
"ACEGLO",10,2007,0.124,9.46,NA,39,15.82,NA
"ACHADB",5,2006,0.06,10.57,6.63,33,11.84,NA
"ACHADB",5,2007,0.17,11.61,7.2,25,8.87,NA
"ACHADB",5,2008,0.26,11.04,6.24,24,9.67,NA
"ACHADB",5,2009,0.43,11.23,5.97,28,9.12,NA
"ACHADB",5,2010,0.04,10.35,6.44,29,11.74,NA
"ACHADB",5,2011,4.2,22.76,11.56,42,17.6,NA
"ACHADB",5,2012,0.3,11.84,6.31,28,7.69,0.15
"ACHADB",5,2013,0.12,10.59,6.5,31,11.08,0.1
"ACHADB",5,2014,0.06,11.86,6.97,30,7.21,0.05
"ACHADB",6,2006,0.32,10.35,6.48,25,14.98,NA
"ACHADB",6,2007,0.01,9.22,6.13,35,15.67,NA
"ACHADB",6,2008,0.06,10.47,6.15,32,13.14,NA
"ACHADB",6,2009,0.08,10.45,6.12,33,10.95,NA
"ACHADB",6,2010,0.08,10.18,6.58,28,12.9,NA
"ACHADB",6,2011,0.17,10.23,6.48,27,12.54,NA
"ACHADB",6,2012,0.05,9.4,6.5,32,16.03,0.31
"ACHADB",6,2013,0.24,31.75,19.57,90,35.83,0
"ACHADB",6,2014,0.047,10.78,6.87,33,11.7,0.03
"ACHADB",7,2006,0.24,9.45,6.15,28,17.21,NA
"ACHADB",7,2007,0.01,9.2,6.21,36,17.88,NA
"ACHADB",7,2008,0.02,8.68,6.49,35,17.53,NA
"ACHADB",7,2009,0.48,10.06,6.05,22,14.41,NA
"ACHADB",7,2010,0.02,9.33,6.53,33,17.17,NA
"ACHADB",7,2011,0.14,8.3,6.51,35,19.83,NA
"ACHADB",7,2012,0.08,9.64,6.61,32,15.01,0.23
"ACHADB",7,2013,0.08,9.49,6.64,30,16.47,0.08
"ACHADB",7,2014,2.3,10.08,5.86,22,14.51,0.06
"ACHADB",8,2007,0.008,9.17,5.42,37,14.8,NA
"ACHADB",8,2008,1.8,9.88,5.68,22,14.78,NA
"ACHADB",8,2009,0.06,9.72,6.21,31,15.54,NA
"ACHADB",8,2010,0.05,9.12,6.15,33,15.52,NA
"ACHADB",8,2011,2.7,9.36,6.73,26,17.03,NA
"ACHADB",8,2012,0.02,8.59,6.64,37,20,0.06
"ACHADB",8,2013,0.127,9.73,6.61,29,14.77,0.32
"ACHADB",8,2014,0.38,10.14,6.48,29,13.77,0.08
"ACHADB",9,2006,0.59,20.91,11.94,60,25.68,NA
"ACHADB",9,2007,0.06,9.92,5.65,34,14.5,NA
"ACHADB",9,2008,0.04,9.45,6.45,37,16.52,NA
"ACHADB",9,2009,0.04,10.42,6.14,30,12.18,NA
"ACHADB",9,2010,0.03,10.18,6.61,26,12.63,NA
"ACHADB",9,2011,0.04,9.42,6.75,34,16.34,NA
"ACHADB",9,2012,5.8,9.7,5.37,17,15.66,0.1
"ACHADB",9,2013,0.14,10.18,6.18,27,13.97,0.19
"ACHADB",9,2014,0.008,9.78,6.49,38,13.05,0.11
"ACHADB",10,2006,0.54,11.97,5.35,34,6.56,NA
"ACHADB",10,2007,0.008,10.43,NA,37,12.34,NA
"ACHADB",10,2008,0.28,11.2,6.61,27,9.14,NA
"ACHADB",10,2009,0.14,10.99,6.35,28,9.85,NA
"ACHADB",10,2010,0.17,10.58,6.48,31,11.65,NA
"ACHADB",10,2011,0.54,11.36,6.07,30,8.84,NA
"ACHADB",10,2012,0.3,10.7,6.5,29,12.38,0.08
"ACHADB",10,2013,0.05,12.86,6.82,38,3.5,0.19
"ACHADB",10,2014,0.03,9.33,6.81,42,13.97,0.16
"ACHNTR",5,2006,2,11.24,6.72,39,9.67,NA
"ACHNTR",5,2008,1.26,10.34,6.92,45,12.27,NA
"ACHNTR",5,2010,0.662,11.58,6.93,45,8.78,NA
"ACHNTR",5,2012,3.052,12.08,6.75,38,7.26,0.28
"ACHNTR",5,2014,2.564,11.98,6.08,39,8.09,0.58
"ACHNTR",6,2006,3.5,10.43,6.71,37,13.56,NA
"ACHNTR",6,2008,0.787,9.8,6.85,48,16.84,NA
"ACHNTR",6,2010,0.768,10.57,7.08,46,13.21,NA
"ACHNTR",6,2012,0.871,9.76,6.92,47,15.88,0.21
"ACHNTR",6,2014,0.833,10.79,7.06,46,12.21,0.36
"ACHNTR",7,2006,5.56,9.78,6.43,32,15.73,NA
"ACHNTR",7,2008,0.203,8.68,6.67,60,17.7,NA
"ACHNTR",7,2010,1.36,10.11,6.84,41,14.28,NA
"ACHNTR",7,2012,1,9.32,6.98,44,17.29,0.2
"ACHNTR",7,2014,5.004,10.33,6.7,34,13.58,0.41
"ACHNTR",8,2006,0.491,9.8,6.72,48,15.46,NA
"ACHNTR",8,2008,1.64,9.94,6.6,41,14.53,NA
"ACHNTR",8,2010,0.735,9.4,6.88,47,16.83,NA
"ACHNTR",8,2012,0.399,8.9,7.01,55,19.13,0.32
"ACHNTR",8,2014,0.856,9.99,7,49,15.01,0.12
"ACHNTR",9,2006,0.461,10.76,6.51,49,11.33,NA
"ACHNTR",9,2008,2.3,10.81,6.54,37,12.54,NA
"ACHNTR",9,2010,2.6,10.25,6.73,38,13.53,NA
"ACHNTR",9,2012,0.574,10.42,7.01,52,13.56,0.05
"ACHNTR",9,2014,0.345,9.38,6.89,55,16.88,0.28
"ACHNTR",10,2006,4.23,10.95,6.24,43,10.89,NA
"ACHNTR",10,2008,1.81,10.81,6.65,40,10.8,NA
"ACHNTR",10,2010,1.64,10.6,6.66,42,12.46,NA
"ACHNTR",10,2012,1.999,11.49,6.66,40,10.41,0.18
"ACHNTR",10,2014,0.283,11.25,6.99,58,9.57,0.32
"ACHTHB",5,2008,0.425,9.45,5.55,36,16.98,NA
"ACHTHB",5,2010,0.186,8.25,5.4,31,18.66,NA
"ACHTHB",5,2012,1.13,6.98,5.27,33,14.93,0.11
"ACHTHB",5,2014,0.961,8.02,7.06,33,14.34,0.14
"ACHTHB",6,2008,0.573,8.51,5.18,35,16.25,NA
"ACHTHB",6,2010,0.335,6.3,5.26,32,16.5,NA
"ACHTHB",6,2012,0.83,4.45,5.07,35,19.58,0.1
"ACHTHB",6,2014,0.418,4.31,5.57,34,18.25,0.19
"ACHTHB",7,2006,2.57,5.41,4.86,36,19.6,NA
"ACHTHB",7,2008,NA,4.12,5.25,41,22.38,NA
"ACHTHB",7,2010,0.19,4.96,5.39,26,26.26,NA
"ACHTHB",7,2012,0.216,5.43,5.42,39,25.9,0.19
"ACHTHB",7,2014,0.585,5.75,5.45,34,24.97,0.05
"ACHTHB",8,2006,0.179,7.32,5.59,37,16.71,NA
"ACHTHB",8,2008,1,5.56,4.84,40,17.16,NA
"ACHTHB",8,2010,0.285,5.63,5.55,38,26.33,NA
"ACHTHB",8,2012,0.207,6.08,5.41,42,27.43,0.63
"ACHTHB",8,2014,0.473,6.1,5.62,38,24.12,0.03
"ACHTHB",9,2006,0.193,7.94,5.63,38,17.38,NA
"ACHTHB",9,2008,0.01,3.58,5.23,41,19.16,NA
"ACHTHB",9,2010,1.47,6.84,5.22,38,16.88,NA
"ACHTHB",9,2012,0.366,8.27,5.4,38,20.26,0.16
"ACHTHB",9,2014,0.147,5.39,5.59,41,15.64,0.21
"ACHTHB",10,2006,1.38,8.63,4.8,41,10.21,NA
"ACHTHB",10,2008,0.6,7.47,4.86,35,11.73,NA
"ACHTHB",10,2010,1.53,8.37,5.12,38,14.21,NA
"ACHTHB",10,2012,3.229,7.82,4.95,38,14.37,0.11
"ACHTHB",10,2014,0.225,8.93,5.43,45,13.84,0.1
"ACJRDO",5,2006,3.5,10.43,6.82,33,12.94,NA
"ACJRDO",5,2008,1.5,11.5,6.71,32,10.75,NA
"ACJRDO",5,2010,0.179,10.48,6.7,29,14.05,NA
"ACJRDO",5,2012,3.612,12.19,6.79,31,8.1,0.85
"ACJRDO",6,2006,3.61,9.28,6.85,31,20.57,NA
"ACJRDO",6,2008,1.26,8.88,6.8,32,20.29,NA
"ACJRDO",6,2010,3.31,9.92,6.89,29,15.69,NA
"ACJRDO",6,2012,12.967,9.09,6.87,30,20.53,0.07
"ACJRDO",7,2006,10.6,8.49,7.1,31,23.08,NA
"ACJRDO",7,2008,1.42,8.66,6.43,31,21.66,NA
"ACJRDO",7,2010,1.18,8.48,6.76,31,22.35,NA
"ACJRDO",7,2012,0.217,7.98,6.87,32,26.97,0.22
"ACJRDO",8,2006,0.203,9.12,6.67,33,19.3,NA
"ACJRDO",8,2008,21,8.78,6.78,32,21.42,NA
"ACJRDO",8,2010,0.324,8.27,6.76,32,22.82,NA
"ACJRDO",8,2012,0.61,16.54,12.8,63,43.78,0.62
"ACJRDO",9,2006,0.353,9.36,6.91,31,18.49,NA
"ACJRDO",9,2008,0.103,8.85,6.48,33,19.48,NA
"ACJRDO",9,2010,0.278,8.9,6.45,26,18.7,NA
"ACJRDO",9,2012,0.655,9.19,6.79,31,19.67,0.28
"ACJRDO",10,2006,9.61,10.37,6.49,32,13.38,NA
"ACJRDO",10,2008,1.16,10.19,6.24,31,13.43,NA
"ACJRDO",10,2010,3.892,9.71,6.88,32,17.47,NA
"ACJRDO",10,2012,9.542,9.79,6.65,31,17.5,0.13
"ACKEBO",5,2006,2.14,22.19,12.65,52,18.33,NA
"ACKEBO",5,2008,1.01,11.54,6.62,28,8.37,NA
"ACKEBO",5,2010,0.637,12.03,6.62,30,6.54,NA
"ACKEBO",5,2012,4.96,10.82,6.29,21,10.92,0.37
"ACKEBO",5,2014,0.908,11.3,8.15,27,8.88,0.23
"ACKEBO",6,2006,1.53,10.31,6.3,25,12.86,NA
"ACKEBO",6,2008,0.207,10.05,6.78,37,11.93,NA
"ACKEBO",6,2010,0.318,10.62,6.8,34,11,NA
"ACKEBO",6,2012,0.296,9.7,6.72,33,14.36,0.51
"ACKEBO",6,2014,0.437,11.19,6.89,32,8.96,0.07
"ACKEBO",7,2006,3.13,9.67,6.46,22,16.14,NA
"ACKEBO",7,2008,NA,8.31,6.81,52,18.12,NA
"ACKEBO",7,2010,0.248,9.34,6.8,38,16.23,NA
"ACKEBO",7,2012,0.629,9.47,6.7,31,14.83,0.07
"ACKEBO",7,2014,14.821,9.88,6.65,21,14.71,0.13
"ACKEBO",8,2006,0.188,9.74,6.52,32,14.84,NA
"ACKEBO",8,2008,2.1,10.01,6.56,27,13.94,NA
"ACKEBO",8,2010,0.315,9.14,6.67,38,17.42,NA
"ACKEBO",8,2012,0.085,8.79,6.73,46,17.52,1.14
"ACKEBO",8,2014,0.101,9.08,6.93,38,14.71,0.08
"ACKEBO",9,2006,0.357,10.67,6.41,29,11.09,NA
"ACKEBO",9,2008,0.074,9.57,6.71,41,15.08,NA
"ACKEBO",9,2010,0.08,8.6,6.63,49,18.98,NA
"ACKEBO",9,2012,0.375,9.93,6.24,33,13.66,0.05
"ACKEBO",9,2014,0.046,10.09,7.01,49,12.5,0.1
"ACKEBO",10,2006,3.76,10.64,6.63,27,11.58,NA
"ACKEBO",10,2008,1.07,9.75,6.15,29,11.31,NA
"ACKEBO",10,2010,5.33,10.13,6.54,26,12.44,NA
"ACKEBO",10,2012,7.2,10.32,6.1,22,12.95,0.15
"ACKEBO",10,2014,0.033,10.35,6.91,53,10.3,0.08
"ACLKWO",5,2007,1.56,9.83,6.07,26,15.02,NA
"ACLKWO",5,2009,0.6,10.27,6.13,26,11.49,NA
"ACLKWO",5,2011,1.72,10.33,6.34,23,12.34,NA
"ACLKWO",5,2013,0.555,9.6,6.33,27,13.39,0.34
"ACLKWO",6,2009,1.81,9.29,6.2,24,16.19,NA
"ACLKWO",6,2011,0.564,8.77,6.12,25,16.99,NA
"ACLKWO",6,2013,7.059,9.22,6.28,25,17.17,0.34
"ACLKWO",7,2007,0.492,14.98,11.21,53,45.37,NA
"ACLKWO",7,2009,0.94,7.89,6.13,22,20.54,NA
"ACLKWO",7,2011,0.737,7.35,6.22,23,23.32,NA
"ACLKWO",7,2013,0.559,7.18,6.42,27,25.06,0.33
"ACLKWO",8,2007,0.192,7.45,5.37,27,20.25,NA
"ACLKWO",8,2009,1.03,7.29,6.17,22,25.62,NA
"ACLKWO",8,2011,0.145,7.38,6.24,26,19.89,NA
"ACLKWO",8,2013,0.646,7.72,6.41,27,20.58,0.3
"ACLKWO",9,2007,0.21,9.45,5.89,28,14.16,NA
"ACLKWO",9,2009,1.72,8.13,6.16,22,22.37,NA
"ACLKWO",9,2011,0.061,7.56,6.37,29,18.68,NA
"ACLKWO",9,2013,3.219,8.3,6.14,25,21.28,0.48
"ACLKWO",10,2007,0.058,9.23,NA,29,11.97,NA
"ACLKWO",10,2009,0.41,9.63,6.19,22,12.82,NA
"ACLKWO",10,2011,0.857,8.81,6.09,27,16.16,NA
"ACLKWO",10,2013,0.062,14.9,12.03,66,19.36,0
"ACLSIE",5,2006,0.52,10.73,6.22,70,9.08,NA
"ACLSIE",5,2008,0.478,10.87,6.39,79,8.01,NA
"ACLSIE",5,2010,0.366,11.66,6.38,69,6.92,NA
"ACLSIE",5,2011,2.26,10.39,5.8,50,8.86,NA
"ACLSIE",5,2013,0.754,10.82,6.21,52,8.91,0.28
"ACLSIE",6,2006,1.74,9.82,5.81,57,12.06,NA
"ACLSIE",6,2008,0.605,10.85,6.25,70,10.55,NA
"ACLSIE",6,2010,0.356,10.58,6.4,65,10.9,NA
"ACLSIE",6,2011,0.547,10.34,6.3,68,10.6,NA
"ACLSIE",6,2013,1.507,9.97,5.84,48,11.69,0.17
"ACLSIE",7,2006,1.67,9.17,5.8,51,14.82,NA
"ACLSIE",7,2008,0.333,10.01,6.41,82,12.66,NA
"ACLSIE",7,2010,1.49,8.83,5.76,46,16.51,NA
"ACLSIE",7,2011,0.222,9.8,6.15,77,12.83,NA
"ACLSIE",7,2013,0.441,9.61,6.36,75,13.65,1.83
"ACLSIE",8,2006,0.402,10.56,6.87,84,11.56,NA
"ACLSIE",8,2008,1.2,9.38,5.74,55,13.26,NA
"ACLSIE",8,2010,0.468,9.78,6.37,71,13.06,NA
"ACLSIE",8,2011,0.103,9.29,6.47,75,13.43,NA
"ACLSIE",8,2013,0.695,9.47,6.26,65,12.86,0.74
"ACLSIE",9,2006,0.237,10.53,6.26,84,10.09,NA
"ACLSIE",9,2008,1.47,9.16,5.72,59,13.89,NA
"ACLSIE",9,2010,0.344,9.71,6.39,70,14.38,NA
"ACLSIE",9,2011,0.102,9.23,6.64,78,14.69,NA
"ACLSIE",9,2013,1.408,9.67,5.45,45,12.36,0.41
"ACLSIE",10,2006,2.44,9.69,5.2,59,10.44,NA
"ACLSIE",10,2008,1.38,10.11,6.04,60,9.81,NA
"ACLSIE",10,2010,0.389,10.39,6.23,69,8.66,NA
"ACLSIE",10,2011,2.227,9.29,5.37,51,13.38,NA
"ACLSIE",10,2013,0.177,9.23,6.25,74,10.44,0.49
"ACLVYB",5,2007,0.5,25.88,8.66,84,10.22,NA
"ACLVYB",5,2009,0.81,11.51,4.5,44,7.96,NA
"ACLVYB",5,2011,1.504,22.3,9.3,74,17.68,NA
"ACLVYB",5,2013,0.158,11.07,4.9,42,9.19,0.41
"ACLVYB",6,2007,0.013,9.69,4.63,41,13.88,NA
"ACLVYB",6,2009,0.941,10.79,4.47,45,10.05,NA
"ACLVYB",6,2011,0.135,9.99,4.88,35,13.11,NA
"ACLVYB",6,2013,1.677,10.36,4.54,41,12.48,0.1
"ACLVYB",7,2007,0.014,9.19,5.19,35,16.8,NA
"ACLVYB",7,2009,0.7,10,4.57,38,13.25,NA
"ACLVYB",7,2011,0.008,12.82,10.99,84,33.93,NA
"ACLVYB",7,2013,0.127,9.01,5.16,40,18.26,0.73
"ACLVYB",8,2007,0.0087,9.6,4.95,43,13.78,NA
"ACLVYB",8,2009,0.054,9.04,4.95,39,16.92,NA
"ACLVYB",8,2011,0.011,8.26,5.57,39,16.14,NA
"ACLVYB",8,2013,0.435,9.38,4.67,40,15.34,0
"ACLVYB",9,2007,0.024,11.11,5.15,52,10.3,NA
"ACLVYB",9,2009,0.121,9.9,5.03,33,13.68,NA
"ACLVYB",9,2011,0.011,9.14,5.52,42,15.38,NA
"ACLVYB",9,2013,1.12,9.9,3.69,40,14.23,0.31
"ACLVYB",10,2007,0.005538,9.16,NA,49,11.33,NA
"ACLVYB",10,2009,0.223,10.6,4.68,42,11.23,NA
"ACLVYB",10,2011,1.128,9.66,4.26,57,14.2,NA
"ACLVYB",10,2013,0.054,9.99,5.38,42,11.3,0
"ACMOWB",5,2007,0.298,11.92,5.66,38,6.59,NA
"ACMOWB",5,2009,0.293,10.93,6.42,43,9.88,NA
"ACMOWB",6,2007,0.019,8.9,6.28,37,16.23,NA
"ACMOWB",6,2009,0.453,10.62,6.34,40,10.26,NA
"ACMOWB",7,2007,NA,8.36,6.27,52,19.99,NA
"ACMOWB",7,2009,0.371,9.44,6.39,36,14.08,NA
"ACMOWB",8,2007,0.092,17.38,12.2,106,34.76,NA
"ACMOWB",8,2009,0.445,9.19,6.32,37,16.04,NA
"ACMOWB",9,2007,NA,20.17,12.07,114,23,NA
"ACMOWB",9,2009,0.545,9.66,6.16,34,13.99,NA
"ACMOWB",10,2007,0.131,10.62,6.35,56,9.02,NA
"ACMOWB",10,2009,0.49,10.64,6.29,39,10.65,NA
"ACMRSL",5,2006,2.27,10.76,7.13,98,12.87,NA
"ACMRSL",5,2008,1.5,10.41,7.16,56,14.33,NA
"ACMRSL",5,2010,0.814,11.17,7.22,114,11.83,NA
"ACMRSL",5,2012,NA,10.43,6.98,106,12.49,0.6
"ACMRSL",5,2014,3.249,11.25,7.71,108,9.61,0.58
"ACMRSL",6,2006,6.37,9.43,6.6,86,14.88,NA
"ACMRSL",6,2008,2.07,10.47,6.95,94,13.86,NA
"ACMRSL",6,2010,16.8,9.35,6.27,56,13.19,NA
"ACMRSL",6,2012,8.81,9.3,6.39,62,14.38,1.21
"ACMRSL",6,2014,1.529,10.41,7.18,104,14.98,0.62
"ACMRSL",7,2006,5.58,8.85,6.44,67,16.77,NA
"ACMRSL",7,2008,0.621,9.5,7.11,123,16.42,NA
"ACMRSL",7,2010,8.68,8.73,6.42,73,17.78,NA
"ACMRSL",7,2012,1.06,8.75,7.14,126,17.67,1.46
"ACMRSL",7,2014,NA,9.1,6.81,96,16.7,1.35
"ACMRSL",8,2006,0.842,10.42,6.79,114,13.34,NA
"ACMRSL",8,2008,3.4,9.39,6.51,66,15.54,NA
"ACMRSL",8,2010,0.713,9.4,6.99,110,17.06,NA
"ACMRSL",8,2012,1.61,9.24,6.91,130,17.01,1.88
"ACMRSL",8,2014,1.426,9.67,7.11,119,15.91,1.35
"ACMRSL",9,2006,0.708,10.53,6.83,120,12.64,NA
"ACMRSL",9,2008,6.08,9.14,6.15,57,14.93,NA
"ACMRSL",9,2010,2.85,9.83,6.82,85,14.75,NA
"ACMRSL",9,2012,0.585,10.3,6.89,94,13.97,1.41
"ACMRSL",9,2014,0.392,9.98,7.13,126,14.94,1.3
"ACMRSL",10,2006,5.2,10.71,6.15,97,9.59,NA
"ACMRSL",10,2008,1.56,10.8,6.53,90,10.31,NA
"ACMRSL",10,2010,1.152,11.4,6.85,87,8.54,NA
"ACMRSL",10,2012,12.268,9.61,6.07,61,13.39,1.77
"ACMRSL",10,2014,0.703,10.61,6.86,130,10.14,2.07
"ACOTRC",5,2006,0.94,10.06,6.63,33,13.53,NA
"ACOTRC",5,2007,2.8,21.33,12.42,70,26.16,NA
"ACOTRC",5,2008,2.5,10.08,6.57,30,13.81,NA
"ACOTRC",5,2009,1.5,11.23,6.58,39,9.32,NA
"ACOTRC",5,2010,0.84,10.05,6.63,25,14.33,NA
"ACOTRC",5,2011,19.5,11.49,6.62,23,9,NA
"ACOTRC",5,2012,3.8,12.05,6.47,27,7.3,0.14
"ACOTRC",5,2013,1.7,10.25,6.48,37,12.08,0.18
"ACOTRC",5,2014,2.6,11.03,5.84,29,10.02,0.26
"ACOTRC",6,2006,1.6,9.32,6.56,28,17.33,NA
"ACOTRC",6,2007,0.47,9.89,5.85,40,14.91,NA
"ACOTRC",6,2008,0.76,9.49,6.62,37,18.2,NA
"ACOTRC",6,2009,1.3,9.8,6.6,40,15.29,NA
"ACOTRC",6,2010,1.4,10.03,6.66,30,13.58,NA
"ACOTRC",6,2011,1.7,9.59,6.33,31,14.41,NA
"ACOTRC",6,2012,0.8,9.97,6.63,26,15.23,0.43
"ACOTRC",6,2013,1.4,9.97,6.61,35,13.96,0.1
"ACOTRC",6,2014,0.753,10.29,6.74,36,12.24,0.34
"ACOTRC",7,2006,2.15,8.84,6.46,26,19.96,NA
"ACOTRC",7,2007,0.25,9.36,6.26,49,17.32,NA
"ACOTRC",7,2008,0.28,8.37,6.69,25,20.91,NA
"ACOTRC",7,2009,4,9.76,6.38,27,15.03,NA
"ACOTRC",7,2010,0.55,9.21,6.64,38,17.36,NA
"ACOTRC",7,2011,0.465,8.19,6.38,39,19.62,NA
"ACOTRC",7,2012,0.65,8.55,6.66,37,20.26,1.25
"ACOTRC",7,2013,4.9,9.71,6.4,24,16.04,0.51
"ACOTRC",7,2014,3.1,9,6.74,27,18.22,0.19
"ACOTRC",8,2006,0.51,10,6.14,35,13.83,NA
"ACOTRC",8,2007,0.51,9.05,5.53,45,15.31,NA
"ACOTRC",8,2008,7,9.62,6.17,24,16.27,NA
"ACOTRC",8,2009,3.1,9.51,6.48,29,16.89,NA
"ACOTRC",8,2010,1.45,9.18,6.5,33,17.48,NA
"ACOTRC",8,2011,0.2,8.88,6.58,49,15.74,NA
"ACOTRC",8,2012,0.28,8.51,6.52,44,19.61,0.4
"ACOTRC",8,2013,1.2,8.95,6.48,31,17.73,0.26
"ACOTRC",8,2014,0.54,8.95,6.81,37,17.96,0.36
"ACOTRC",9,2006,0.32,10.16,6.47,36,13.12,NA
"ACOTRC",9,2007,0.21,9.72,6.05,49,14.7,NA
"ACOTRC",9,2008,5.8,9.41,6.16,23,17.74,NA
"ACOTRC",9,2009,1,10.12,6.26,13,13.46,NA
"ACOTRC",9,2010,0.33,9.03,6.7,41,17.03,NA
"ACOTRC",9,2011,0.79,9.47,6.36,36,14.76,NA
"ACOTRC",9,2012,0.23,9.48,6.73,44,15.68,0.03
"ACOTRC",9,2013,5,8.98,5.95,22,19.08,0.29
"ACOTRC",9,2014,0.19,9.6,6.4,46,13.83,0.63
"ACOTRC",10,2006,4.3,10.65,5.89,32,11.75,NA
"ACOTRC",10,2007,0.11,10.68,NA,58,11.97,NA
"ACOTRC",10,2008,2.2,10.59,6.51,28,11.45,NA
"ACOTRC",10,2009,NA,22.09,12.69,48,20.04,NA
"ACOTRC",10,2010,3.4,10.16,6.6,29,12.83,NA
"ACOTRC",10,2011,5.35,11.01,6.18,28,9.95,NA
"ACOTRC",10,2012,2,11.03,6.49,29,11.09,0.03
"ACOTRC",10,2013,1.2,10.04,6.73,35,12.38,0.4
"ACOTRC",10,2014,0.17,9.35,6.2,53,13.08,0.75
"ACSGTB",5,2006,0.16,10.93,5.81,27,10.06,NA
"ACSGTB",5,2008,0.085,10.23,5.88,28,9.25,NA
"ACSGTB",5,2010,0.044,11.49,5.96,25,8.24,NA
"ACSGTB",5,2012,3.98,11.94,5.31,22,7.28,0.69
"ACSGTB",5,2014,0.125,11.18,7.43,27,9.27,0.23
"ACSGTB",6,2006,0.312,9.68,5.63,22,16.22,NA
"ACSGTB",6,2008,0.034,4.98,5.55,30,13.34,NA
"ACSGTB",6,2010,1.86,10.45,5.52,19,12.71,NA
"ACSGTB",6,2012,5.936,10.2,5.31,19,13.62,0.61
"ACSGTB",6,2014,0.053,10.56,6.36,28,10.21,0.13
"ACSGTB",7,2006,0.424,9.34,5.69,22,17.64,NA
"ACSGTB",7,2008,NA,5.33,5.58,28,18.18,NA
"ACSGTB",7,2010,0.516,9.26,5.96,23,17.99,NA
"ACSGTB",7,2012,0.015,8.65,6.02,28,18.11,0.41
"ACSGTB",7,2014,NA,9.08,5.88,27,16.58,0.07
"ACSGTB",8,2006,0.045,10.03,6.25,26,14.28,NA
"ACSGTB",8,2008,2,9.71,5.29,23,15.51,NA
"ACSGTB",8,2010,0.063,9.33,6.12,25,16.75,NA
"ACSGTB",8,2012,0,7.55,5.93,30,20.98,0.25
"ACSGTB",8,2014,0.477,9.95,6.28,26,14.38,0.1
"ACSGTB",9,2006,0.042,10.33,5.74,26,12.07,NA
"ACSGTB",9,2008,0.316,9.99,5.6,22,13.15,NA
"ACSGTB",9,2010,0.024,9.98,6.44,22,13.16,NA
"ACSGTB",9,2012,0.742,9.79,5.73,23,15.7,0.16
"ACSGTB",9,2014,0,8.37,5.7,29,12.52,0.11
"ACSGTB",10,2006,0.707,12.37,4.93,31,6.89,NA
"ACSGTB",10,2008,0.077,10.07,5.73,25,10.25,NA
"ACSGTB",10,2010,0.243,10.42,6.03,26,12.06,NA
"ACSGTB",10,2012,0.291,10.34,5.68,26,13.52,0.12
"ACSGTB",10,2014,0.154,10.06,5.61,29,12.72,0.11
"ACSTNL",5,2007,2.58,12.21,6.3,95,6.91,NA
"ACSTNL",5,2009,2.76,11.85,7.04,87,7.85,NA
"ACSTNL",5,2011,4.01,10.56,6.93,64,12.57,NA
"ACSTNL",5,2012,3.07,12.52,6.94,71,6.19,0.28
"ACSTNL",5,2013,1.995,11.71,7.05,77,8.61,0.32
"ACSTNL",5,2014,2.504,11.51,6.49,80,9.24,NA
"ACSTNL",6,2007,0.665,9.84,6.73,98,15.1,NA
"ACSTNL",6,2009,2.11,10.67,6.97,87,12.08,NA
"ACSTNL",6,2011,1.9,10.62,6.91,71,12.66,NA
"ACSTNL",6,2013,20.479,10.91,6.5,45,10.66,1.04
"ACSTNL",6,2014,1.171,11.1,7.16,87,11.03,0.25
"ACSTNL",7,2007,0.757,9.54,6.29,106,17.01,NA
"ACSTNL",7,2009,3.42,10.44,6.97,69,13.09,NA
"ACSTNL",7,2011,0.783,10.13,6.81,86,15.49,NA
"ACSTNL",7,2012,1.58,9.76,6.99,71,15.63,1.77
"ACSTNL",7,2013,1.758,10.41,7.01,77,13.96,0.28
"ACSTNL",7,2014,4.226,10.24,6.91,65,14.02,0.54
"ACSTNL",8,2007,0.93,9.6,6.52,99,16.12,NA
"ACSTNL",8,2009,2.41,10.07,6.95,73,15.06,NA
"ACSTNL",8,2011,0.861,9.33,7.18,88,17.35,NA
"ACSTNL",8,2012,0.638,9.34,7.12,86,17.74,0.47
"ACSTNL",8,2013,2.486,9.5,6.71,66,14.21,0.9
"ACSTNL",8,2014,1.262,10.25,7.22,81,14.33,0.03
"ACSTNL",9,2007,0.53,10.91,6.15,106,11.86,NA
"ACSTNL",9,2009,2.11,10.09,6.57,73,14.69,NA
"ACSTNL",9,2011,0.594,10.27,6.83,93,13.57,NA
"ACSTNL",9,2012,0.726,10.83,6.99,85,12.67,0.23
"ACSTNL",9,2013,1.482,10.38,6.61,77,13.81,0.43
"ACSTNL",9,2014,0.482,9.89,7.11,90,15.73,0.38
"ACSTNL",10,2007,0.702,11.32,6.94,116,8.95,NA
"ACSTNL",10,2009,1.28,10.89,6.87,78,11.17,NA
"ACSTNL",10,2011,2.498,10.5,6.72,69,12.13,NA
"ACSTNL",10,2012,1.76,11.61,6.91,75,10.63,0.26
"ACSTNL",10,2013,1.608,10.58,7.04,83,11.43,0.74
"ACSTNL",10,2014,0.574,11.32,7.01,94,10.25,0.25
"MABISA",4,2007,NA,13.72,7.76,133,0.79,NA
"MABISA",5,2006,2.50308,11.32,8.04,125,9.09,NA
"MABISA",5,2007,0.559,10.73,8.05,150,11.21,NA
"MABISA",5,2008,0.312,10.9,8.11,149,9.18,NA
"MABISA",5,2009,1.7349,10.9,8.08,138,10.2,NA
"MABISA",5,2010,0.392,19.36,16.1,359,31.78,NA
"MABISA",5,2011,1.09,10.17,8.16,143,14.11,NA
"MABISA",5,2012,0.707,11.17,8.29,170,9.58,0.8
"MABISA",5,2013,0.337,10.57,8.13,165,11.46,0.2
"MABISA",5,2014,0.923,11.4,8,150,8,0.43
"MABISA",6,2006,1.89718,19.64,16.32,190,29.18,NA
"MABISA",6,2007,0.264,10.65,8.15,177,11.07,NA
"MABISA",6,2008,0.192,19.34,16.24,382,28.52,NA
"MABISA",6,2009,0.243,10.59,8.13,176,11.62,NA
"MABISA",6,2010,0.1309,10.38,8.34,191,12.38,NA
"MABISA",6,2011,0.256,19.62,16.21,333,29.04,NA
"MABISA",6,2012,0.305,9.88,8.06,183,13.48,0.3
"MABISA",6,2013,0.405,10.34,8.08,169,12.55,0.5
"MABISA",6,2014,0.339,10.27,8.04,165,13.1,0.66
"MABISA",7,2007,0.058,10.57,7.98,209,11.2,NA
"MABISA",7,2008,0.18034,9.16,8.12,202,17.01,NA
"MABISA",7,2009,0.8174,20.83,16.24,355,31.59,NA
"MABISA",7,2010,0.086,9.14,8.18,212,18.49,NA
"MABISA",7,2011,0.06,9.11,8.11,208,17.85,NA
"MABISA",7,2012,0.123,9.92,8.05,207,14.57,0.15
"MABISA",7,2013,0.895,9.15,7.92,153,19.26,1.3
"MABISA",7,2014,0.164,9.02,7.68,183,17.86,0.63
"MABISA",8,2006,0.133,9.61,8.33,199,15.33,NA
"MABISA",8,2007,0.019,9.55,7.95,234,14.97,NA
"MABISA",8,2008,NA,9.89,7.99,208,14.68,NA
"MABISA",8,2009,0.241,9.95,8.2,200,14.62,NA
"MABISA",8,2010,0.67,9.12,8.24,210,18.01,NA
"MABISA",8,2011,0.352,9.62,8.16,178,15.83,NA
"MABISA",8,2012,NA,9.36,7.92,249,15.83,0.78
"MABISA",8,2013,NA,9.72,7.98,201,15,0.05
"MABISA",8,2014,0.399,9.36,7.89,185,16.55,0.21
"MABISA",9,2006,0.105,10.47,8.17,213,11.88,NA
"MABISA",9,2007,0.068,9.72,7.89,210,14.96,NA
"MABISA",9,2008,NA,10.64,7.94,220,10.39,NA
"MABISA",9,2010,0.036,9.17,7.97,235,15.53,NA
"MABISA",9,2011,0.525,10.31,8.06,170,13.16,NA
"MABISA",9,2012,0.016,9.42,8.23,238,13.22,0.1
"MABISA",9,2013,0.072,10.6,8.02,203,11.07,0.5
"MABISA",9,2014,0.464,9.2,8.1,189,17.54,0.36
"MABISA",10,2006,0.114,10.87,8.07,199,9.92,NA
"MABISA",10,2007,0.029,10.17,7.86,223,11.85,NA
"MABISA",10,2008,0.053,11.24,8.1,229,8.59,NA
"MABISA",10,2009,0.375,23.11,16.79,419,15.83,NA
"MABISA",10,2010,0.208,10.82,8.09,195,11.03,NA
"MABISA",10,2011,1.025,10.23,8.04,169,11.6,NA
"MABISA",10,2012,0.039,15.64,8.33,240,4.43,0.19
"MABISA",10,2013,0.231,10.51,8.19,204,10.84,1.19
"MABISA",10,2014,0.08,9.87,7.97,236,13.03,0.38
"MIMASA",4,2007,7.869,8.75,7.09,508,6.36,NA
"MIMASA",5,2006,NA,7.35,6.46,166,9.88,NA
"MIMASA",5,2007,4.559,9.79,7.45,511,14.37,NA
"MIMASA",5,2008,2.638,7.17,6.85,576,14.61,NA
"MIMASA",5,2009,9.7937,6.15,6.63,458,16.22,NA
"MIMASA",5,2010,3.626,6.83,6.63,562,19.6,NA
"MIMASA",5,2011,3.421,7.24,6.79,551,13.11,NA
"MIMASA",5,2012,3.494,7.41,7.03,552,18.12,6.78
"MIMASA",5,2013,2.609,6.67,6.86,665,17.29,5.3
"MIMASA",5,2014,16.879,4.61,6.52,604,17.55,5.68
"MIMASA",6,2006,2.655,6.38,6.99,306,17.95,NA
"MIMASA",6,2007,7.04,5.47,6.83,395,16.84,NA
"MIMASA",6,2008,1.736,5.83,6.94,650,17.14,NA
"MIMASA",6,2009,3.988,6.21,6.68,579,17.57,NA
"MIMASA",6,2010,3.48,7.28,7.05,587,16.93,NA
"MIMASA",6,2011,2.068,5.95,6.85,616,18.66,NA
"MIMASA",6,2012,1.802,7.82,6.9,603,21.93,6.32
"MIMASA",6,2013,10.163,5.69,6.58,365,16.67,2.8
"MIMASA",6,2014,1.615,6.56,6.87,787,21.96,10.81
"MIMASA",7,2006,3.232,5.62,6.79,574,21.74,NA
"MIMASA",7,2007,1.728,6.8,7.26,456,15.63,NA
"MIMASA",7,2008,3.66632,6.96,6.94,542,23.01,NA
"MIMASA",7,2009,4.8545,6.02,6.69,577,18.51,NA
"MIMASA",7,2010,1.174,5.09,7.01,681,24.84,NA
"MIMASA",7,2011,0.942,5.64,7.03,684,22.43,NA
"MIMASA",7,2012,1.438,7.29,7.14,723,18.23,4.95
"MIMASA",7,2013,1.527,5.83,6.92,740,24.54,7.89
"MIMASA",7,2014,6.326,5.31,6.43,523,20.82,3.72
"MIMASA",8,2006,4.394,6.34,7.68,630,20.01,NA
"MIMASA",8,2007,1.197,6.45,7.59,595,20.9,NA
"MIMASA",8,2008,NA,6.07,6.73,487,18.76,NA
"MIMASA",8,2009,2.321,7.04,6.96,658,25.82,NA
"MIMASA",8,2010,0.348,4.56,7.4,644,24.02,NA
"MIMASA",8,2011,1.369,8,7.03,616,19.87,NA
"MIMASA",8,2012,1.619,5.77,6.99,652,20.24,3.74
"MIMASA",8,2013,0.912,6.69,7.22,523,19.89,4.22
"MIMASA",8,2014,0.452,6.43,6.94,765,22.21,3.49
"MIMASA",9,2006,2.722,7.61,7.1,643,13.84,NA
"MIMASA",9,2008,NA,6.48,6.89,545,14.88,NA
"MIMASA",9,2009,4.377,5.51,6.94,610,14.71,NA
"MIMASA",9,2010,0.815,6.04,7.03,711,19.05,NA
"MIMASA",9,2011,1.71,7.32,7.02,573,13.56,NA
"MIMASA",9,2012,0.707,8.69,7.3,693,13.28,2.93
"MIMASA",9,2013,0.58,7.56,7.1,694,14.58,NA
"MIMASA",9,2014,NA,8.18,7.13,844,14.5,5.17
"MIMASA",10,2006,4.044,16.39,15.98,822,26.6,NA
"MIMASA",10,2007,NA,6.86,7.65,679,14.31,NA
"MIMASA",10,2008,2.95752,9.03,7.02,608,13.84,NA
"MIMASA",10,2009,3.788,7.06,6.89,585,10.21,NA
"MIMASA",10,2010,2.469,5.57,6.68,625,12.98,NA
"MIMASA",10,2011,8.454,5.54,6.58,473,14.65,NA
"MIMASA",10,2012,1.122,8.46,7.03,615,7.69,3.27
"MIMASA",10,2013,1.121,7.53,7.42,751,9.98,6.24
"MIMASA",10,2014,2.668,7.64,6.61,605,12.68,3.01
"MIMASB",4,2007,2.259,12.54,6.97,434,4.42,NA
"MIMASB",5,2006,9.16435,10.58,6.4,225,9.59,NA
"MIMASB",5,2007,1.599,10.3,7.41,485,14.12,NA
"MIMASB",5,2008,0.975,10,6.95,756,12.47,NA
"MIMASB",5,2009,2.7575,10.01,6.75,877,14.42,NA
"MIMASB",5,2010,0.747,9.61,7.31,509,16,NA
"MIMASB",5,2011,0.0307,10.91,6.86,558,11.34,NA
"MIMASB",5,2012,0.616,9.88,7.05,490,13.67,1.05
"MIMASB",5,2013,0.695,9.63,6.88,695,14.77,1.42
"MIMASB",5,2014,0.143,9.79,6.82,773,13.57,2.77
"MIMASB",6,2006,NA,9.68,7.21,394,14.63,NA
"MIMASB",6,2007,1.01,9.94,7.19,334,13.53,NA
"MIMASB",6,2008,0.361,9.52,7.12,872,14.95,NA
"MIMASB",6,2009,0.48,9.77,6.93,743,14.98,NA
"MIMASB",6,2010,0.528,9.74,7.24,465,14.9,NA
"MIMASB",6,2011,0.463,9.34,7.11,693,15.64,NA
"MIMASB",6,2012,0.192,8.97,6.87,473,17.36,1.82
"MIMASB",6,2013,1.252,9.6,6.69,457,14.78,2.55
"MIMASB",6,2014,0.326,9.24,6.94,809,18.27,2.03
"MIMASB",7,2006,0.447,8.82,7.06,522,19.46,NA
"MIMASB",7,2007,0.252,10.31,7.7,495,12.76,NA
"MIMASB",7,2008,0.28295,8.41,7.1,680,20.78,NA
"MIMASB",7,2009,0.8553,10.72,7.11,438,16.92,NA
"MIMASB",7,2010,0.09,8.47,7.05,490,20.6,NA
"MIMASB",7,2011,0.155,8.75,7.1,637,19.02,NA
"MIMASB",7,2012,0.105,9.17,7.27,573,17.19,2.41
"MIMASB",7,2013,0.182,8.99,6.98,712,20.09,2.75
"MIMASB",7,2014,1.005,8.38,6.62,712,21.45,4.25
"MIMASB",8,2006,0.221,9.02,7.66,552,18.35,NA
"MIMASB",8,2007,0.17,9.08,7.92,489,18.17,NA
"MIMASB",8,2008,NA,9.32,7.25,584,16.53,NA
"MIMASB",8,2009,0.348,8.15,7.01,567,21.88,NA
"MIMASB",8,2010,NA,7.57,7.37,279,19.45,NA
"MIMASB",8,2011,0.056,8.92,7.09,554,17.68,NA
"MIMASB",8,2012,0.123,7.87,6.97,548,18.08,3.04
"MIMASB",8,2013,0.101,8.72,7.27,604,18.47,2.4
"MIMASB",8,2014,NA,8.37,6.87,857,19.61,2.46
"MIMASB",9,2006,0.158,9.62,8.35,502,13.49,NA
"MIMASB",9,2007,0.035,9.16,8.19,393,15.78,NA
"MIMASB",9,2008,NA,9.55,7.69,562,14.26,NA
"MIMASB",9,2009,0.353,9.48,7.47,522,13.3,NA
"MIMASB",9,2010,0.176,16.68,14.42,1150,35.8,NA
"MIMASB",9,2011,0.364,9.82,7.11,506,13.64,NA
"MIMASB",9,2012,0.085,10.08,7.39,590,12.78,2.2
"MIMASB",9,2013,0.066,9.2,7.06,607,15.19,NA
"MIMASB",9,2014,NA,9.59,7.04,584,13.81,3.61
"MIMASB",10,2006,0.135,9.51,7.72,482,13.23,NA
"MIMASB",10,2007,0.052,9.65,7.99,511,13.68,NA
"MIMASB",10,2008,0.52446,9.39,7.18,527,12.76,NA
"MIMASB",10,2009,0.29,10.85,7.24,606,9.37,NA
"MIMASB",10,2010,0.134,9.59,7.02,596,12.08,NA
"MIMASB",10,2011,1.983,9.19,6.8,342,14.88,NA
"MIMASB",10,2012,0.249,10.67,7.23,489,9.18,2.31
"MIMASB",10,2013,0.046,9.28,7.48,520,11.56,3.1
"MIMASB",10,2014,0.167,9.53,6.75,582,12.38,2.82
"MIMASC",4,2007,NA,92.44,54.92,2757,66.24,NA
"MIMASC",5,2007,NA,10.18,7.63,354,15.57,NA
"MIMASC",5,2008,NA,8.98,7.21,421,16.52,NA
"MIMASC",5,2009,NA,9.22,6.45,NA,19.35,NA
"MIMASC",5,2010,NA,15.88,13.71,754,44.08,NA
"MIMASC",5,2011,NA,16.02,13.73,776,32.07,NA
"MIMASC",5,2012,NA,16.01,14.13,770,36.41,6.14
"MIMASC",5,2013,NA,7.52,7.23,534,19.61,2.12
"MIMASC",5,2014,NA,15.47,14.02,997,38.62,4.1
"MIMASC",6,2007,NA,52.81,55.36,2509,154.62,NA
"MIMASC",6,2008,NA,6.04,7.06,495,21.17,NA
"MIMASC",6,2009,NA,8.47,6.97,400,20.19,NA
"MIMASC",6,2010,NA,13.22,14.22,808,38.56,NA
"MIMASC",6,2011,NA,14.53,14.03,924,44.93,NA
"MIMASC",6,2012,NA,14.16,14.13,845,46.14,4.28
"MIMASC",6,2013,NA,6.58,6.83,317,18.3,1.66
"MIMASC",6,2014,NA,14.07,14.04,1027,48.76,4.36
"MIMASC",7,2007,NA,56.29,57.95,3146,174.18,NA
"MIMASC",7,2008,NA,5.54,7,418,25.99,NA
"MIMASC",7,2009,NA,4.57,6.65,368,22.16,NA
"MIMASC",7,2010,NA,5.74,7.24,506,28.8,NA
"MIMASC",7,2011,NA,24.13,28.58,2096,103.34,NA
"MIMASC",7,2012,NA,15.87,14.93,1062,42.19,8.22
"MIMASC",7,2013,NA,5.84,7.18,497,26.41,2.46
"MIMASC",7,2014,NA,14.66,14.52,1209,49.54,4.54
"MIMASC",8,2007,NA,63.66,60.56,3919,203.35,NA
"MIMASC",8,2008,NA,3.94,6.65,314,21.63,NA
"MIMASC",8,2009,NA,5.05,6.82,411,27.87,NA
"MIMASC",8,2010,NA,17.51,14.9,1160,52.73,NA
"MIMASC",8,2011,NA,13.05,14.02,866,46.73,NA
"MIMASC",8,2012,NA,16.46,15.15,940,45.42,9.64
"MIMASC",8,2013,NA,7.04,7.69,496,23.28,1.28
"MIMASC",8,2014,NA,7.29,7.22,609,24.96,1.37
"MIMASC",9,2007,NA,49.92,59.87,4810,167.42,NA
"MIMASC",9,2008,NA,5.74,6.91,370,16.98,NA
"MIMASC",9,2009,NA,8.45,7.2,454,17.2,NA
"MIMASC",9,2010,NA,14.04,14.66,1147,43.69,NA
"MIMASC",9,2011,NA,10.22,14.06,747,31.93,NA
"MIMASC",9,2012,NA,19.83,15.49,1096,30.97,6.9
"MIMASC",9,2013,NA,8.39,7.58,529,18.44,NA
"MIMASC",9,2014,NA,18.05,15.29,1405,33.41,3.44
"MIMASC",10,2007,NA,60.41,60.32,4562,130.45,NA
"MIMASC",10,2009,NA,9.67,7.12,392,10.85,NA
"MIMASC",10,2010,NA,43.97,35.95,3306,80.23,NA
"MIMASC",10,2011,NA,14.77,13.3,777,30.59,NA
"MIMASC",10,2012,NA,17.6,15.06,885,19.29,5.48
"MIMASC",10,2013,NA,9,8.12,644,12.8,2.17
"MIMASC",10,2014,NA,13.92,13.28,981,23.59,2.86
"MORRSA",4,2007,1.465,11.33,7.33,75,5.89,NA
"MORRSA",5,2006,NA,9.91,7.15,107,9.76,NA
"MORRSA",5,2007,0.329,10.27,7.74,110,11.62,NA
"MORRSA",5,2008,0.4,10.09,7.03,101,10.97,NA
"MORRSA",5,2009,0.5774,20.2,14.14,206,20.68,NA
"MORRSA",5,2010,0.7704,23.76,14.37,256,20.02,NA
"MORRSA",5,2011,1.191,10.33,6.76,73,11.68,NA
"MORRSA",5,2012,0.171,8.92,7.14,121,15.51,2.18
"MORRSA",5,2013,0.212,10.69,6.89,105,10.04,1.29
"MORRSA",6,2006,0.15176,8.41,7.17,118,16.1,NA
"MORRSA",6,2007,0.304,9.39,7.65,115,15.51,NA
"MORRSA",6,2008,0.223,8.3,7.21,129,17.81,NA
"MORRSA",6,2009,0.274,9.67,6.97,102,13.6,NA
"MORRSA",6,2010,0.185,9.83,7.5,126,14.64,NA
"MORRSA",6,2011,0.421,10.4,7.02,105,15.16,NA
"MORRSA",6,2012,0.095,9.34,7.17,128,15.7,2.05
"MORRSA",6,2013,0.492,9.65,6.99,98,14.66,2.53
"MORRSA",7,2006,0.114,8.21,7.52,129,18.28,NA
"MORRSA",7,2007,0.137,9.02,7.67,134,17.79,NA
"MORRSA",7,2008,0.12315,8.47,7.26,129,19.58,NA
"MORRSA",7,2009,0.118,10.02,7.33,133,18.13,NA
"MORRSA",7,2010,0.25,17.57,14.98,248,38.91,NA
"MORRSA",7,2011,0.202,8.52,7.19,139,19.35,NA
"MORRSA",7,2012,0.147,9.08,7.23,133,16.55,1.28
"MORRSA",7,2013,0.31,8.82,7.02,126,17.97,2.47
"MORRSA",8,2006,0.194,8.42,7.74,121,17.82,NA
"MORRSA",8,2007,0.047,8.67,7.74,126,18.85,NA
"MORRSA",8,2008,NA,8.62,7.49,132,18.86,NA
"MORRSA",8,2009,0.107,8.63,7.28,132,18.52,NA
"MORRSA",8,2010,0.093,8.98,NA,119,17.35,NA
"MORRSA",8,2011,0.107,8.94,7.28,125,18.66,NA
"MORRSA",8,2012,0.108,9.33,6.89,137,15.46,2.15
"MORRSA",8,2013,0.129,9.05,7.42,127,18.04,2.14
"MORRSA",9,2006,0.153,8.85,7.47,82,16.24,NA
"MORRSA",9,2007,0.051,9.25,7.7,126,16.19,NA
"MORRSA",9,2008,NA,9.46,8.07,138,15.56,NA
"MORRSA",9,2009,0.0877,9.72,7.24,130,14.77,NA
"MORRSA",9,2010,0.067,9.07,7.82,203,16.73,NA
"MORRSA",9,2011,0.0222,9.58,7.14,98,16.04,NA
"MORRSA",9,2012,0.036,10.81,7.68,123,10.5,1.24
"MORRSA",9,2013,NA,10.33,7.61,100,11.68,1.42
"MORRSA",10,2006,0.09,10.16,8.26,115,10.03,NA
"MORRSA",10,2007,0.051,9.79,7.8,144,13.92,NA
"MORRSA",10,2008,0.07256,10.45,7.81,80,10.73,NA
"MORRSA",10,2009,0.107,10.88,6.93,145,9.09,NA
"MORRSA",10,2010,0.053,9.36,7.65,128,14.59,NA
"MORRSA",10,2011,0.285,10.21,7.45,120,11.46,NA
"MORRSA",10,2012,0.056,10.29,7.34,124,9.55,1.32
"MORRSA",10,2013,0.059,10.38,7.22,115,9.94,3.64
"MORRSB",4,2007,12.886,11.75,7.3,74,6.43,NA
"MORRSB",5,2006,NA,10.76,7.49,74,10.13,NA
"MORRSB",5,2007,1.99,10.48,7.67,112,12.55,NA
"MORRSB",5,2008,1.844,10.53,7.44,107,12.07,NA
"MORRSB",5,2009,1.6784,10.88,7.42,106,10.52,NA
"MORRSB",5,2010,1.843,11.66,7.47,114,9.82,NA
"MORRSB",5,2011,7.858,10.55,7.14,77,11.67,NA
"MORRSB",5,2012,1.162,9.54,7.39,120,14.42,1.88
"MORRSB",5,2013,1.55,10.49,7.35,114,10.98,1.38
"MORRSB",5,2014,2.93,10.69,7.19,90,10.65,2
"MORRSB",6,2006,0.95,9.22,7.52,122,16.98,NA
"MORRSB",6,2007,1.399,9.36,7.56,120,16.64,NA
"MORRSB",6,2008,1.199,9.02,7.49,124,17.93,NA
"MORRSB",6,2009,1.65,10.03,7.37,112,13.68,NA
"MORRSB",6,2010,0.924,9.78,7.72,120,14.74,NA
"MORRSB",6,2011,1.959,9.8,7.36,113,15.35,NA
"MORRSB",6,2012,1.325,9.49,7.23,119,14.94,3.57
"MORRSB",6,2013,3.56,9.62,7.2,101,15.03,2.33
"MORRSB",6,2014,1.561,9.82,7.28,120,14.34,1.57
"MORRSB",7,2006,1.114,9.04,7.63,107,18.5,NA
"MORRSB",7,2007,0.616,9.22,7.54,129,18.67,NA
"MORRSB",7,2008,0.538,8.85,7.5,131,19.2,NA
"MORRSB",7,2009,0.876,9.98,7.46,126,18.29,NA
"MORRSB",7,2010,1.3,17.8,15.37,254,40.16,NA
"MORRSB",7,2011,0.902,NA,7.49,130,19.68,NA
"MORRSB",7,2012,0.888,9.1,7.41,128,16.53,1.41
"MORRSB",7,2013,1.291,8.77,7.21,122,18.53,3.14
"MORRSB",7,2014,0.876,9.21,6.63,125,16.75,1.85
"MORRSB",8,2006,1.325,9.21,7.66,115,17.89,NA
"MORRSB",8,2007,0.441,8.9,7.54,131,19.18,NA
"MORRSB",8,2008,NA,9.06,7.6,140,18.4,NA
"MORRSB",8,2009,0.788,8.95,7.51,92,18.86,NA
"MORRSB",8,2010,0.571,9.35,NA,126,17.23,NA
"MORRSB",8,2011,0.67,8.91,7.49,127,18.63,NA
"MORRSB",8,2012,1.03,9.52,7.33,129,15.3,3.84
"MORRSB",8,2013,0.842,8.88,7.29,129,18.89,2.02
"MORRSB",8,2014,0.685,9.06,7.34,131,16.83,1.97
"MORRSB",9,2006,0.952,9.34,7.53,123,16.5,NA
"MORRSB",9,2007,0.387,9.48,7.6,132,16.26,NA
"MORRSB",9,2008,NA,9.79,7.8,144,15.52,NA
"MORRSB",9,2009,0.547,9.71,7.4,127,14.46,NA
"MORRSB",9,2010,0.381,9.43,7.8,131,16.23,NA
"MORRSB",9,2011,5.142,9.53,7.04,102,16.04,NA
"MORRSB",9,2012,0.395,10.54,7.59,132,11.9,1.24
"MORRSB",9,2013,0.54,10.32,7.28,130,12.15,1.09
"MORRSB",9,2014,0.47,9.83,7.57,132,13.85,1.53
"MORRSB",10,2006,0.891,10.76,7.79,123,9.87,NA
"MORRSB",10,2007,0.39,9.9,7.66,134,14.07,NA
"MORRSB",10,2008,0.4139,10.54,7.58,147,11.05,NA
"MORRSB",10,2009,0.492,10.97,7.18,142,9.35,NA
"MORRSB",10,2010,0.368,9.8,7.64,125,14.27,NA
"MORRSB",10,2011,1.589,10.21,7.2,118,11.96,NA
"MORRSB",10,2012,0.381,10.47,7.47,138,9.94,0.43
"MORRSB",10,2013,NA,10.78,7.43,135,9.67,0.76
"MORRSB",10,2014,0.41,9.65,7.58,134,14.41,0.47
"MORRSC",4,2007,3.898,11.35,7.14,64,7.37,NA
"MORRSC",5,2006,NA,10.58,7.24,88,10.37,NA
"MORRSC",5,2007,0.493,10.22,7.61,91,13.21,NA
"MORRSC",5,2008,0.385,9.91,7.08,86,12.89,NA
"MORRSC",5,2009,0.498,10.21,6.94,86,11.17,NA
"MORRSC",5,2010,0.516,11.66,7.23,88,9.87,NA
"MORRSC",5,2011,1.754,10.22,6.79,67,11.5,NA
"MORRSC",5,2012,0.416,9.74,7.07,97,12.8,0.66
"MORRSC",5,2013,0.408,10.75,7.06,91,10.2,2.77
"MORRSC",6,2006,0.321,8.92,7.42,94,16.82,NA
"MORRSC",6,2007,0.239,9.34,7.51,98,16.85,NA
"MORRSC",6,2008,0.286,8.6,7.18,99,17.73,NA
"MORRSC",6,2009,0.421,9.65,7,90,13.23,NA
"MORRSC",6,2010,0.231,9.65,7.48,95,14.59,NA
"MORRSC",6,2011,0.443,9.36,6.74,89,14.43,NA
"MORRSC",6,2012,0.39,9.75,6.97,95,14.17,0.51
"MORRSC",6,2013,1.125,9.85,6.76,86,13.82,2.24
"MORRSC",7,2006,0.241,8.98,7.53,97,18.4,NA
"MORRSC",7,2007,0.252,18.04,15.14,200,37.44,NA
"MORRSC",7,2008,0.14401,8.62,7.28,105,18.65,NA
"MORRSC",7,2009,0.174,9.41,7.24,100,18.28,NA
"MORRSC",7,2010,0.218,16.84,15.01,200,40.06,NA
"MORRSC",7,2011,0.226,3.78,7.16,103,17.78,NA
"MORRSC",7,2012,0.198,9.3,7.15,106,15.71,0.75
"MORRSC",7,2013,0.328,8.99,6.96,95,17.49,1.43
"MORRSC",8,2006,4.481,9.15,7.87,97,18.03,NA
"MORRSC",8,2007,0.082,8.75,7.61,104,19.22,NA
"MORRSC",8,2008,NA,8.55,7.39,106,18.42,NA
"MORRSC",8,2009,0.178,8.86,7.3,103,18.51,NA
"MORRSC",8,2010,0.091,9.2,NA,100,16.89,NA
"MORRSC",8,2011,NA,16.16,13.45,74,41.5,NA
"MORRSC",8,2012,0.262,9.45,7,98,14.64,3.26
"MORRSC",8,2013,0.185,8.99,7.16,101,18.39,1.41
"MORRSC",9,2006,0.252,9.22,7.56,97,16.69,NA
"MORRSC",9,2007,0.091,9.38,7.59,102,16.31,NA
"MORRSC",9,2008,NA,9.34,7.77,112,15.99,NA
"MORRSC",9,2009,0.127,9.67,7.32,101,14.76,NA
"MORRSC",9,2010,0.055,9,7.76,100,16.38,NA
"MORRSC",9,2011,1.277,9.67,6.93,83,15.38,NA
"MORRSC",9,2012,0.055,10.78,7.49,102,10.29,0.24
"MORRSC",9,2013,0.152,10.36,7.25,102,11.59,0.62
"MORRSC",10,2006,0.222,10.8,8.12,96,9.82,NA
"MORRSC",10,2008,0.08152,6.89,7.11,117,11.86,NA
"MORRSC",10,2009,0.111,10.67,7.41,107,9.45,NA
"MORRSC",10,2010,0.073,9.29,7.5,102,14.59,NA
"MORRSC",10,2011,0.414,9.88,7.17,94,12.52,NA
"MORRSC",10,2012,0.074,10.28,7.3,106,9.5,0.58
"MORRSC",10,2013,NA,9.94,7.05,104,9.94,0.49
"MORRSD",4,2007,17.331,11.5,7.28,180,7.97,NA
"MORRSD",5,2006,NA,10.25,7.46,216,12.29,NA
"MORRSD",5,2007,3.401,10.21,7.85,226,12.57,NA
"MORRSD",5,2008,3.696,10.61,7.4,216,9.64,NA
"MORRSD",5,2009,3.223,10.29,7.41,248,13.98,NA
"MORRSD",5,2010,7.4102,22.52,14.82,495,22.91,NA
"MORRSD",5,2011,8.955,10.83,7.35,193,12.9,NA
"MORRSD",5,2012,2.477,8.8,7.35,250,18.47,1.46
"MORRSD",5,2013,2.886,10.01,7.32,250,12.99,1.89
"MORRSD",5,2014,10.495,10.47,7.27,242,12.07,1.15
"MORRSD",6,2006,1.722,8.31,7.43,234,20.46,NA
"MORRSD",6,2007,2.368,8.67,7.61,237,18.7,NA
"MORRSD",6,2008,2.135,7.74,7.38,246,22.62,NA
"MORRSD",6,2009,2.348,9.4,7.4,239,16.68,NA
"MORRSD",6,2010,1.703,9.66,7.66,266,15.1,NA
"MORRSD",6,2011,3.174,8.87,7.4,245,18.38,NA
"MORRSD",6,2012,1.9153,9.42,7.2,256,16.16,0.63
"MORRSD",6,2013,4.952,9.12,7.3,238,18.27,2.48
"MORRSD",6,2014,3.685,9.21,7.36,217,18.01,1.5
"MORRSD",7,2006,2.475,8.7,7.58,223,20.43,NA
"MORRSD",7,2007,1.26,8.17,7.95,238,21.44,NA
"MORRSD",7,2008,1.41824,8.51,7.44,248,20.57,NA
"MORRSD",7,2009,1.761,8.88,7.43,251,22.57,NA
"MORRSD",7,2010,1.3467,7.999,7.57,248,23.44,NA
"MORRSD",7,2011,1.658,8.44,7.37,278,21.04,NA
"MORRSD",7,2012,1.308,8.61,7.45,272,19.61,0.73
"MORRSD",7,2013,2.575,8.32,7.39,253,21.14,1.19
"MORRSD",7,2014,1.901,8.24,7.17,273,22.11,0.76
"MORRSD",8,2006,2.204,8.73,7.56,230,20.92,NA
"MORRSD",8,2007,1.099,8.1,7.76,233,21.47,NA
"MORRSD",8,2008,NA,8.34,7.55,265,20.59,NA
"MORRSD",8,2009,1.94,8.49,7.43,231,21.85,NA
"MORRSD",8,2010,1.2,8.84,NA,233,18.51,NA
"MORRSD",8,2011,2.282,15.95,15.28,536,46.04,NA
"MORRSD",8,2012,1.505,8.91,7.45,257,18.74,0.8
"MORRSD",8,2013,2.593,8.61,7.29,260,21.07,0.62
"MORRSD",8,2014,1.34,8.33,7.46,293,21.11,0.72
"MORRSD",9,2006,2.075,8.79,7.55,224,18.9,NA
"MORRSD",9,2007,1.055,9.03,7.59,244,17.78,NA
"MORRSD",9,2008,NA,9.22,7.47,254,17.69,NA
"MORRSD",9,2009,2.066,9.44,7.4,260,16.72,NA
"MORRSD",9,2010,0.941,9.03,7.68,277,17.34,NA
"MORRSD",9,2011,9.344,9.25,7.22,217,17.89,NA
"MORRSD",9,2012,0.938,10.02,7.55,274,14.41,4.61
"MORRSD",9,2013,1.975,9.69,7.66,275,15.14,0.59
"MORRSD",9,2014,0.51,9.83,7.51,285,14.35,0.28
"MORRSD",10,2006,NA,10.73,7.67,217,10.44,NA
"MORRSD",10,2007,0.768,9.81,7.54,247,14.29,NA
"MORRSD",10,2008,0.97262,9.93,7.64,265,13.21,NA
"MORRSD",10,2009,1.096,10.69,7.68,266,10.3,NA
"MORRSD",10,2010,1.004,9.41,7.52,263,15.14,NA
"MORRSD",10,2011,5.365,10.09,7.76,246,12.62,NA
"MORRSD",10,2012,1.22,10.31,7.52,275,10.75,2.24
"MORRSD",10,2013,1.553,11.66,7.5,287,8.44,1.6
"MORRSD",10,2014,0.91,9.79,7.48,293,14.05,0.31
"MORRSE",4,2007,NA,11.73,7.24,158,7.36,NA
"MORRSE",5,2007,5.856,10.19,7.82,221,12.54,NA
"MORRSE",5,2008,6.606,10.6,7.49,201,9.99,NA
"MORRSE",5,2009,5.483,10.03,7.52,219,14.82,NA
"MORRSE",5,2010,6.046,11.04,7.41,231,11.49,NA
"MORRSE",5,2011,NA,10.08,7.28,153,13.06,NA
"MORRSE",5,2012,5.29,8.57,7.45,245,19.54,2.67
"MORRSE",5,2013,5.434,9.91,7.46,215,13.42,1.27
"MORRSE",5,2014,13.447,9.99,7.42,222,15.67,3.85
"MORRSE",6,2007,3.836,8.8,7.66,237,18.61,NA
"MORRSE",6,2008,4.32,7.98,7.41,246,22.38,NA
"MORRSE",6,2009,5.63,9.27,7.52,230,17.11,NA
"MORRSE",6,2010,3.431,9.16,7.62,251,17.18,NA
"MORRSE",6,2011,7.143,9.01,7.46,231,18.18,NA
"MORRSE",6,2012,3.354,9.74,7.19,246,14.51,2.87
"MORRSE",6,2013,24.986,8.86,7.41,211,19.17,9.35
"MORRSE",6,2014,6.19,9.32,7.47,200,17.7,5.46
"MORRSE",7,2006,5.588,8.75,7.51,176,19.59,NA
"MORRSE",7,2007,2.993,8.45,7.65,219,21.09,NA
"MORRSE",7,2008,2.18095,8.72,7.46,266,19.54,NA
"MORRSE",7,2009,2.745,8.96,7.52,249,22.18,NA
"MORRSE",7,2010,2.786,8.11,7.65,219,23.16,NA
"MORRSE",7,2011,3.786,8.5,7.51,225,20.76,NA
"MORRSE",7,2012,2.642,8.64,7.48,266,19.51,5.79
"MORRSE",7,2013,7.758,7.81,7.3,240,23.39,3.54
"MORRSE",7,2014,2.788,8.33,7.25,267,21.78,3.85
"MORRSE",8,2006,4.471,8.71,8,206,19.95,NA
"MORRSE",8,2007,2.147,8.38,7.67,238,20.92,NA
"MORRSE",8,2008,NA,8.68,7.57,264,19.81,NA
"MORRSE",8,2009,4.0447,8.27,7.49,204,21.6,NA
"MORRSE",8,2010,2.722,8.88,NA,229,18.71,NA
"MORRSE",8,2011,3.03,8.19,7.7,263,23.05,NA
"MORRSE",8,2012,2.247,9.08,7.53,228,17.81,0.85
"MORRSE",8,2013,4.187,8.84,7.76,226,19.7,1.34
"MORRSE",8,2014,1.98,8.8,7.64,283,19.86,1.54
"MORRSE",9,2007,2.434,9.31,7.63,263,17.01,NA
"MORRSE",9,2008,NA,9.39,7.61,259,17.18,NA
"MORRSE",9,2009,1.461,9.64,7.45,264,15.38,NA
"MORRSE",9,2010,1.854,9.17,7.71,254,16.53,NA
"MORRSE",9,2011,14.829,9.22,7.37,225,18.35,NA
"MORRSE",9,2012,1.5,10.2,7.59,249,13.6,0.41
"MORRSE",9,2013,3.029,10.09,7.76,272,14.38,1.66
"MORRSE",9,2014,1.97,9.74,7.75,335,14.97,1.45
"MORRSE",10,2006,NA,10.85,7.74,211,10.03,NA
"MORRSE",10,2007,3.101,10.2,7.63,271,13.22,NA
"MORRSE",10,2008,1.8831,10.39,7.41,279,11.61,NA
"MORRSE",10,2009,2.011,11.24,7.52,282,9.85,NA
"MORRSE",10,2010,1.801,9.6,7.52,241,14.39,NA
"MORRSE",10,2011,17.277,9.9,7.63,235,12.86,NA
"MORRSE",10,2012,1.994,10.63,7.57,270,10.16,0.86
"MORRSE",10,2013,2.598,11.76,7.6,298,7.4,1.01
"MORRSE",10,2014,1.73,10,7.52,284,13.03,0.57
"ROVASA",4,2007,4.951,12.02,7.96,388,6.88,NA
"ROVASA",5,2006,NA,10.72,8.11,492,10.29,NA
"ROVASA",5,2007,0.961,10.5,8.2,554,13.35,NA
"ROVASA",5,2008,0.895,10.71,8.12,572,10.77,NA
"ROVASA",5,2009,1.105,10.64,8.04,593,11.73,NA
"ROVASA",5,2010,1.1513,11.02,8.1,601,9.59,NA
"ROVASA",5,2011,3.355,10.5,7.92,413,13.02,NA
"ROVASA",5,2012,0.512,9.74,7.95,592,13.2,0.42
"ROVASA",5,2013,0.647,9.75,8.03,532,14.57,0.86
"ROVASA",5,2014,1.828,11.09,8.31,508,12.71,0.39
"ROVASA",6,2006,0.73482,9.16,8.08,580,17.34,NA
"ROVASA",6,2007,0.674,9.04,8.13,605,17.22,NA
"ROVASA",6,2008,0.386,8.37,8,642,20.2,NA
"ROVASA",6,2009,2.108,9.38,7.98,486,17.03,NA
"ROVASA",6,2010,0.6151,9.39,8.15,647,14.95,NA
"ROVASA",6,2011,2.366,9.45,8.08,613,16.34,NA
"ROVASA",6,2012,0.561,8.85,7.93,580,18.34,1.09
"ROVASA",6,2013,1.244,9.47,7.93,521,16.07,0.78
"ROVASA",6,2014,1.157,9.21,7.92,516,16.09,1.4
"ROVASA",7,2006,0.635,8.04,8.06,589,23.3,NA
"ROVASA",7,2007,0.444,8.2,8.01,610,22.12,NA
"ROVASA",7,2008,0.426,8.37,8.02,658,20.35,NA
"ROVASA",7,2009,0.346,8.63,7.94,619,19.82,NA
"ROVASA",7,2010,0.2884,7.8,8.08,738,22.96,NA
"ROVASA",7,2011,0.989,8.94,8.12,741,18.33,NA
"ROVASA",7,2012,0.77,8.71,8.04,546,18.09,0.66
"ROVASA",7,2013,1.035,8.43,7.84,565,20.72,0.73
"ROVASA",7,2014,1.005,8.76,7.89,600,20.3,0.94
"ROVASA",8,2006,0.373,8.86,8.11,633,19.98,NA
"ROVASA",8,2007,0.23,8.01,8.01,639,22.49,NA
"ROVASA",8,2008,NA,9.1,8.12,662,18.06,NA
"ROVASA",8,2009,0.809,8.53,8,582,21.12,NA
"ROVASA",8,2010,4.216,7.51,7.65,475,18.7,NA
"ROVASA",8,2011,0.134,8.44,7.84,656,17.96,NA
"ROVASA",8,2012,0.341,8.84,8,586,17.12,0.44
"ROVASA",8,2013,0.719,8.88,8,537,19.51,0.24
"ROVASA",8,2014,0.56,9.14,8.06,649,16.97,0.5
"ROVASA",9,2006,0.694,9.17,8.14,572,16.83,NA
"ROVASA",9,2007,0.144,8.99,7.77,644,18.55,NA
"ROVASA",9,2008,0.479,9.35,8.03,607,16.17,NA
"ROVASA",9,2009,0.446,9.61,8.02,701,15.63,NA
"ROVASA",9,2010,0.152,9.11,8.19,779,15.56,NA
"ROVASA",9,2011,2.601,9.33,8.02,558,17.37,NA
"ROVASA",9,2012,NA,10.76,8.04,550,11.45,0.21
"ROVASA",9,2013,1.308,19.82,15.98,1132,27.69,0.68
"ROVASA",9,2014,0.21,10.05,8.02,662,14.15,0.45
"ROVASA",10,2006,1.003,10.15,7.95,532,12.17,NA
"ROVASA",10,2007,0.163,9.34,8,656,16.09,NA
"ROVASA",10,2008,0.484,10.14,8.07,675,12.03,NA
"ROVASA",10,2009,0.4438,11,8.41,477,7.87,NA
"ROVASA",10,2010,0.355,9.63,8.01,712,13.98,NA
"ROVASA",10,2011,1.847,9.72,7.7,501,13.49,NA
"ROVASA",10,2013,0.462,10.09,8.02,591,10.01,0.46
"ROVASA",10,2014,0.28,9.45,7.81,682,14,0.21
"ROVASA",11,2012,0.719,10.98,7.97,577,8.06,0.35
"ROVASB",4,2007,3.451,12.01,7.97,434,6.99,NA
"ROVASB",5,2006,NA,10.27,8.11,577,11.54,NA
"ROVASB",5,2007,0.536,10.15,8.15,643,13.49,NA
"ROVASB",5,2008,0.455,10.36,8.13,662,11.74,NA
"ROVASB",5,2009,0.479,10.54,8.13,702,12.67,NA
"ROVASB",5,2010,0.6379,10.86,8.07,632,9.75,NA
"ROVASB",5,2011,2.434,10.27,7.95,480,13.31,NA
"ROVASB",5,2012,0.4,9.73,8.04,695,13.64,0.58
"ROVASB",5,2013,0.404,9.56,8.03,657,15.05,0.87
"ROVASB",5,2014,0.682,10.22,8.09,610,12.59,0.57
"ROVASB",6,2006,0.343,8.88,8.14,441,18.4,NA
"ROVASB",6,2007,0.328,9.04,8.07,699,17.5,NA
"ROVASB",6,2008,0.222,8.35,8.06,717,20.46,NA
"ROVASB",6,2009,0.976,9.09,8.03,548,17.94,NA
"ROVASB",6,2010,0.5371,9.53,8.2,723,14.999,NA
"ROVASB",6,2011,1.106,9.05,7.96,506,16.9,NA
"ROVASB",6,2012,0.434,8.9,7.97,670,18.13,0.85
"ROVASB",6,2013,0.646,9.34,7.92,577,16.2,1.75
"ROVASB",6,2014,0.797,9.14,7.98,635,16.58,2.18
"ROVASB",7,2006,0.249,8.07,8.08,677,22.99,NA
"ROVASB",7,2007,0.198,8.39,8.16,700,21.73,NA
"ROVASB",7,2008,0.24127,8.51,8.13,732,20.62,NA
"ROVASB",7,2009,NA,9.01,8.04,710,19.64,NA
"ROVASB",7,2010,0.217,8.51,8.21,723,20.76,NA
"ROVASB",7,2011,0.0141,8.87,8.09,777,18.39,NA
"ROVASB",7,2012,0.266,8.4,7.95,564,19.67,0.56
"ROVASB",7,2013,0.361,8.36,7.97,667,21.38,0.47
"ROVASB",7,2014,0.475,8.44,7.93,715,20.79,1.11
"ROVASB",8,2006,0.239,8.92,8.06,685,19.79,NA
"ROVASB",8,2007,0.196,8.42,8.02,692,21.76,NA
"ROVASB",8,2008,NA,9.36,8.22,753,17.48,NA
"ROVASB",8,2009,0.434,8.56,8.08,683,20.24,NA
"ROVASB",8,2010,0.28,8.94,8.06,668,18.58,NA
"ROVASB",8,2011,0.338,8.8,8.16,502,19.01,NA
"ROVASB",8,2012,0.232,9.24,8.06,711,16.62,0.21
"ROVASB",8,2013,0.461,8.97,8.05,687,19.22,0.65
"ROVASB",8,2014,0.013,9.11,8.11,764,17.39,0.44
"ROVASB",9,2006,0.359,9.18,8.06,659,16.88,NA
"ROVASB",9,2007,0.128,9.21,7.97,707,17.87,NA
"ROVASB",9,2008,NA,9.47,8.12,716,16.14,NA
"ROVASB",9,2009,0.234,9.9,8.07,788,14.84,NA
"ROVASB",9,2010,0.124,9.59,8.28,834,15.26,NA
"ROVASB",9,2011,1.419,9.37,8.02,660,17.25,NA
"ROVASB",9,2012,0.278,10.91,8.01,696,11.12,0.25
"ROVASB",9,2013,0.307,10.08,8.03,682,13.2,0.69
"ROVASB",9,2014,0.49,10.32,8.11,774,14.1,1.9
"ROVASB",10,2006,0.449,10.15,8.05,538,12.37,NA
"ROVASB",10,2007,0.767,9.81,7.85,701,15.25,NA
"ROVASB",10,2008,0.24863,10.01,8.11,778,12.44,NA
"ROVASB",10,2009,0.3499,10.78,8.44,759,8.21,NA
"ROVASB",10,2010,0.252,9.98,8.04,788,12.97,NA
"ROVASB",10,2011,0.866,9.9,7.79,561,13.21,NA
"ROVASB",10,2013,0.152,10.31,7.92,685,10.31,0.28
"ROVASB",10,2014,0.24,9.14,7.96,774,14.67,0.17
"ROVASB",11,2012,0.529,11.2,7.96,676,8.11,0.13
"ROVASC",4,2007,NA,12.24,7.92,199,7.19,NA
"ROVASC",5,2006,NA,10.59,8.26,294,12.97,NA
"ROVASC",5,2007,12.967,10.28,8.2,371,14.8,NA
"ROVASC",5,2008,17.977,9.95,8.33,354,15.44,NA
"ROVASC",5,2009,23.59,10.35,8.27,349,15.42,NA
"ROVASC",5,2010,11.9067,11.45,8.17,414,10.53,NA
"ROVASC",5,2011,64.439,10.5,8.06,313,14.41,NA
"ROVASC",5,2012,NA,9.89,7.99,342,15.31,1.2
"ROVASC",5,2013,NA,9.94,8.5,394,17.59,0.86
"ROVASC",6,2006,17.358,9.11,8.31,330,21.33,NA
"ROVASC",6,2007,7.394,8.5,8.16,417,20.46,NA
"ROVASC",6,2008,7.766,8.44,8.25,400,24.35,NA
"ROVASC",6,2009,NA,9.81,7.99,262,17.94,NA
"ROVASC",6,2010,10.436,18.2,16.28,882,33.67,NA
"ROVASC",6,2011,18.406,9.4,8.17,380,18.7,NA
"ROVASC",6,2012,13.81,8.88,8.15,376,21.14,1.08
"ROVASC",6,2013,NA,9.97,8,311,16.42,1.51
"ROVASC",7,2006,8.227,8.2,8.01,376,24.09,NA
"ROVASC",7,2007,4.474,7.33,7.98,423,24.64,NA
"ROVASC",7,2008,9.91359,8.03,8.15,408,24.08,NA
"ROVASC",7,2009,23.004,8.82,8.07,401,21.33,NA
"ROVASC",7,2010,1.218,7.46,8.06,536,24.7,NA
"ROVASC",7,2011,10.356,8.74,8.35,431,22.26,NA
"ROVASC",7,2012,7.068,8.78,8.08,377,19.72,0.54
"ROVASC",7,2013,NA,8.19,8.21,401,25.76,0.65
"ROVASC",8,2006,3.862,8.87,8.02,409,20.07,NA
"ROVASC",8,2007,NA,7.25,8.05,465,23.72,NA
"ROVASC",8,2008,NA,9.25,8.45,441,20.31,NA
"ROVASC",8,2009,16.1203,8.35,8.21,401,22.36,NA
"ROVASC",8,2010,4.76,8.78,8.12,444,19.76,NA
"ROVASC",8,2011,15.992,17.16,16.6,794,44.19,NA
"ROVASC",8,2012,4.247,9.45,8.05,369,17.31,0.41
"ROVASC",8,2013,NA,9.26,8.2,378,20.96,0.7
"ROVASC",9,2006,21.762,9.71,8.18,305,16.75,NA
"ROVASC",9,2007,NA,8.91,8.07,484,19.08,NA
"ROVASC",9,2008,NA,9.74,8.19,429,17.86,NA
"ROVASC",9,2009,4.183,9.23,7.99,488,16.94,NA
"ROVASC",9,2010,0.698,9.26,8.04,631,15.19,NA
"ROVASC",9,2011,NA,9.7,8.1,348,17.62,NA
"ROVASC",9,2012,NA,11.2,8.3,351,12.9,0.47
"ROVASC",9,2013,NA,10.38,8.17,393,14.62,0.84
"ROVASC",10,2006,15.007,10.95,8.21,351,10.81,NA
"ROVASC",10,2007,NA,9.26,8.17,408,16.56,NA
"ROVASC",10,2008,4.65866,9.95,8.02,425,14.19,NA
"ROVASC",10,2009,3.542,11.58,8.56,472,7.19,NA
"ROVASC",10,2010,9.477,10.54,7.999,409,11.43,NA
"ROVASC",10,2011,NA,10.77,8.06,306,12.32,NA
"ROVASC",10,2013,0.704,10.61,7.89,451,12.04,0.66
"ROVASC",11,2012,NA,11.66,8.25,371,8.17,0.71
"ROVASD",4,2007,NA,12.27,8,200,7.05,NA
"ROVASD",5,2006,NA,10.63,8.38,285,13.06,NA
"ROVASD",5,2007,13.923,10.28,8.37,394,14.78,NA
"ROVASD",5,2008,18.263,10.03,8.28,371,14.61,NA
"ROVASD",5,2009,28.348,10.27,8.35,359,15.43,NA
"ROVASD",5,2010,30.8694,23.4,16.66,890,20.86,NA
"ROVASD",5,2011,NA,10.41,8.21,299,14.89,NA
"ROVASD",5,2012,39.182,10.03,8.22,348,15.56,2
"ROVASD",5,2013,9.631,10.07,8.38,420,16.52,0.86
"ROVASD",5,2014,NA,10.51,8.33,341,14.03,1.19
"ROVASD",6,2006,NA,41.86,34.38,840,80.03,NA
"ROVASD",6,2007,5.834,9.01,8.29,453,20.49,NA
"ROVASD",6,2008,23.586,24.61,24.56,497,67.98,NA
"ROVASD",6,2009,NA,9.74,8.18,262,18.14,NA
"ROVASD",6,2010,6.033,9.94,8.48,485,16.48,NA
"ROVASD",6,2011,15.41,9.3,8.36,428,19.14,NA
"ROVASD",6,2012,13.538,8.68,8.37,390,22.97,1.87
"ROVASD",6,2013,51.215,10.12,8.1,319,16.37,1.13
"ROVASD",6,2014,16.011,8.9,8.33,428,21.23,1.69
"ROVASD",7,2006,10.17,8.41,8.28,389,24.59,NA
"ROVASD",7,2007,2.958,8.18,8.34,454,24.55,NA
"ROVASD",7,2008,10.74473,8.39,8.35,424,23.75,NA
"ROVASD",7,2009,24.287,8.91,8.22,405,21.37,NA
"ROVASD",7,2010,1.581,7.92,8.1,561,24.52,NA
"ROVASD",7,2011,11.094,8.48,8.43,450,23.47,NA
"ROVASD",7,2012,6.932,8.98,8.32,425,20.12,0.41
"ROVASD",7,2013,19.322,8.23,8.31,419,25.67,0.83
"ROVASD",7,2014,27.67,8.91,8.11,378,21.52,1.15
"ROVASD",8,2006,4.287,9.06,8.24,425,20.6,NA
"ROVASD",8,2007,2.512,8.41,8.23,494,23.34,NA
"ROVASD",8,2008,NA,9.47,8.35,481,18.35,NA
"ROVASD",8,2009,14.9558,8.77,8.31,411,22.41,NA
"ROVASD",8,2010,NA,9.4,8.39,491,19.65,NA
"ROVASD",8,2011,0,7.57,8.07,564,22.45,NA
"ROVASD",8,2012,5.252,9.58,8.19,431,17.45,0.73
"ROVASD",8,2013,15.438,9.01,8.33,392,21.52,0.83
"ROVASD",8,2014,5.511,9.37,8.26,479,18.22,0.65
"ROVASD",9,2006,23.665,9.58,8.21,311,16.93,NA
"ROVASD",9,2007,1.322,9.49,8.21,558,18.8,NA
"ROVASD",9,2008,NA,10.09,8.29,480,15.23,NA
"ROVASD",9,2009,4.319,10.05,8.25,521,16.77,NA
"ROVASD",9,2010,0.484,10.42,8.34,717,14.85,NA
"ROVASD",9,2011,NA,9.73,8.3,352,17.77,NA
"ROVASD",9,2012,9.046,11.19,8.31,411,12.51,0.45
"ROVASD",9,2013,6.615,9.95,8.22,291,14.86,1.14
"ROVASD",9,2014,2,10.39,8.34,571,15.74,0.71
"ROVASD",10,2006,16.381,11.11,8.35,359,10.78,NA
"ROVASD",10,2007,1.718,20.52,16.62,1206,33.21,NA
"ROVASD",10,2008,NA,10.37,8.26,480,13.88,NA
"ROVASD",10,2009,3.249,12.02,8.63,517,7.62,NA
"ROVASD",10,2010,11.411,11.01,8.09,431,11.47,NA
"ROVASD",10,2011,NA,10.73,8.27,323,12.37,NA
"ROVASD",10,2013,6.506,10.64,8.15,493,12.56,0.63
"ROVASD",10,2014,0.88,10.72,8.19,743,16.11,0.72
"ROVASD",11,2012,16.203,11.95,8.31,393,7.85,0.54
"ROVASE",4,2007,NA,11.28,7.42,176,7.23,NA
"ROVASE",5,2006,NA,10.09,8,377,13.6,NA
"ROVASE",5,2007,NA,9.11,8.03,548,15.15,NA
"ROVASE",5,2009,3.6,10.14,7.92,439,11.35,NA
"ROVASE",5,2010,1.751,10.91,7.93,452,8.75,NA
"ROVASE",5,2011,14.965,8.82,7.58,299,15.06,NA
"ROVASE",5,2012,1.372,9.14,7.91,566,14.35,1.51
"ROVASE",5,2013,1.473,8.66,7.85,556,16.97,1.16
"ROVASE",5,2014,5.96,10.39,7.84,398,11.63,0.91
"ROVASE",6,2006,1.394,7.93,8,541,20.76,NA
"ROVASE",6,2007,0.754,8.28,8.04,577,20.74,NA
"ROVASE",6,2008,0.609,8.69,8.08,640,17.8,NA
"ROVASE",6,2009,15.809,7.95,7.65,339,20.14,NA
"ROVASE",6,2010,1.037,9.5,8.21,598,14.43,NA
"ROVASE",6,2011,1.404,8.5,8.02,565,18.51,NA
"ROVASE",6,2012,1.534,8.59,7.91,559,19.35,0.82
"ROVASE",6,2013,4.309,8.99,7.78,419,16.5,1.12
"ROVASE",6,2014,1.544,8.08,7.87,500,19.91,2.2
"ROVASE",7,2006,1.158,7.36,7.96,578,23.63,NA
"ROVASE",7,2007,0.262,7.44,7.79,639,25.58,NA
"ROVASE",7,2008,0.706,7.68,8.01,594,20.7,NA
"ROVASE",7,2009,3.192,7.81,7.74,440,20.33,NA
"ROVASE",7,2010,0.163,7.58,8.13,752,20.31,NA
"ROVASE",7,2011,1.088,7.08,7.95,603,22.3,NA
"ROVASE",7,2012,0.808,8.33,7.98,653,20.15,3.97
"ROVASE",7,2013,1.615,7.49,7.86,593,23.89,1.89
"ROVASE",7,2014,2.854,7.76,7.6,507,22.63,1.5
"ROVASE",8,2006,1.074,17.27,16.09,1261,38.7,NA
"ROVASE",8,2007,0.379,6.84,8.15,557,22.05,NA
"ROVASE",8,2008,NA,9.37,8.23,659,15,NA
"ROVASE",8,2009,1.317,8.24,7.97,517,18.46,NA
"ROVASE",8,2010,NA,8.2,8,626,18.67,NA
"ROVASE",8,2011,2.5,15.65,16.09,1163,43.24,NA
"ROVASE",8,2012,0.457,9.16,8.12,664,15.93,0.2
"ROVASE",8,2013,0.988,8.47,7.94,614,19.2,0.35
"ROVASE",8,2014,0.338,8.52,8.15,700,18.35,0.39
"ROVASE",9,2006,1.643,9.07,7.97,421,15.97,NA
"ROVASE",9,2007,0.141,8.85,8.29,436,16.42,NA
"ROVASE",9,2008,NA,9.8,8.18,636,12.32,NA
"ROVASE",9,2009,0.327,9.15,8.06,688,15.82,NA
"ROVASE",9,2010,NA,8.84,8.07,851,15.75,NA
"ROVASE",9,2011,7.678,8.26,7.64,393,19.24,NA
"ROVASE",9,2012,0.465,11.23,7.99,608,9.69,0.03
"ROVASE",9,2013,0.423,10.16,8.03,708,11.1,1.06
"ROVASE",9,2014,0.07,10.14,8.2,695,14.69,0.78
"ROVASE",10,2006,2.452,9.26,7.91,450,11.28,NA
"ROVASE",10,2007,0.131,8.37,8.03,666,14.91,NA
"ROVASE",10,2008,0.683,8.87,7.93,653,12.22,NA
"ROVASE",10,2009,0.3068,11.63,8.11,662,6.8,NA
"ROVASE",10,2010,NA,9.16,7.76,626,13.96,NA
"ROVASE",10,2011,6.688,8.62,7.5,380,13.3,NA
"ROVASE",10,2013,0.726,9.78,7.81,635,9.09,0.39
"ROVASE",10,2014,0,7.98,7.81,708,15.45,1.67
"ROVASE",11,2012,1.769,10.29,7.7,506,7.06,0.55
"ROVASF",4,2007,NA,11.52,8.08,187,7.1,NA
"ROVASF",5,2006,NA,12,8.07,327,16.26,NA
"ROVASF",5,2007,5.387,NA,9.17,410,20.26,NA
"ROVASF",5,2008,9.51,7.28,7.46,384,11.65,NA
"ROVASF",5,2009,13.287,9.38,7.63,368,12.84,NA
"ROVASF",5,2010,0.3852,9.35,7.55,438,10.91,NA
"ROVASF",5,2011,51.272,9.87,7.54,308,15.53,NA
"ROVASF",5,2012,5.265,9.34,7.8,403,16.21,3.04
"ROVASF",5,2013,5.138,5.63,7.13,456,17.2,2.59
"ROVASF",5,2014,32.083,8.87,7.44,349,10.88,1.04
"ROVASF",6,2006,2.675,12.71,8.35,393,23.69,NA
"ROVASF",6,2007,2.612,7.35,7.81,501,21.56,NA
"ROVASF",6,2008,2.076,10.28,8.12,558,27.65,NA
"ROVASF",6,2009,83.728,8.43,7.46,276,20.27,NA
"ROVASF",6,2010,2.3051,6.58,7.62,618,16.39,NA
"ROVASF",6,2011,6.72,10.84,7.97,415,22.19,NA
"ROVASF",6,2012,5.264,11.39,8.05,406,22.68,2.6
"ROVASF",6,2013,30.437,8.26,7.4,351,17.55,1.35
"ROVASF",6,2014,9.57,9.57,7.73,399,23.18,4
"ROVASF",7,2006,3.954,7.55,7.68,453,27.71,NA
"ROVASF",7,2007,0.929,4.85,7.44,534,26.81,NA
"ROVASF",7,2008,3.902,9.09,7.83,395,27.92,NA
"ROVASF",7,2009,12.553,7.6,7.59,391,22.3,NA
"ROVASF",7,2010,NA,8.85,7.92,756,30.67,NA
"ROVASF",7,2011,4.137,7.8,7.66,458,26.46,NA
"ROVASF",7,2012,10.973,5.96,7.41,554,23.85,2.61
"ROVASF",7,2013,6.86,6.98,7.42,456,26.91,1.98
"ROVASF",7,2014,17.551,8.82,7.38,374,23.55,2.29
"ROVASF",8,2006,NA,5.44,7.61,571,22.06,NA
"ROVASF",8,2007,0.33,4.52,7.24,624,26.63,NA
"ROVASF",8,2008,NA,11.92,8.04,574,23.91,NA
"ROVASF",8,2009,7.2356,8.59,7.72,438,23.93,NA
"ROVASF",8,2010,2.283,7.52,NA,755,21.03,NA
"ROVASF",8,2011,5.829,9.27,7.72,531,25.52,NA
"ROVASF",8,2012,1.459,5.13,7.41,502,17.29,2.96
"ROVASF",8,2013,5.042,5.68,7.34,450,19.47,1.26
"ROVASF",8,2014,1.582,8.11,7.77,549,22.68,1.61
"ROVASF",9,2006,4.047,7.24,7.68,389,18.44,NA
"ROVASF",9,2007,0.354,5.25,7.28,633,20.55,NA
"ROVASF",9,2008,NA,9.52,7.66,518,17.33,NA
"ROVASF",9,2009,3.722,18.69,15.28,1245,34.18,NA
"ROVASF",9,2010,0.756,8,7.85,808,21.02,NA
"ROVASF",9,2011,52.08,7.46,7.28,322,19.03,NA
"ROVASF",9,2012,4.051,8.17,7.56,419,9.35,1.23
"ROVASF",9,2013,1.965,7.4,7.61,551,11.23,2.43
"ROVASF",9,2014,0.87,13.05,8.47,661,19.15,3.13
"ROVASF",10,2006,4.284,7.08,7.74,410,12.01,NA
"ROVASF",10,2007,0.337,5.58,7.3,677,16.23,NA
"ROVASF",10,2008,2.411,12.97,8.05,532,17.74,NA
"ROVASF",10,2009,4.075,8.06,7.72,616,8,NA
"ROVASF",10,2010,4.356,7.84,7.24,580,16.15,NA
"ROVASF",10,2011,27.314,6.88,7.34,344,12.82,NA
"ROVASF",10,2013,6.093,7.04,7.44,491,11.3,2.07
"ROVASF",10,2014,0.49,5.72,7.39,734,15.89,2.82
"ROVASF",11,2012,11.085,8.58,7.38,397,6.84,1.24
"SAGASA",4,2007,6.137,13.76,8.11,91,1.42,NA
"SAGASA",5,2006,12.32686,11.17,7.83,84,9.18,NA
"SAGASA",5,2007,2.12,12.06,8.1,101,6.9,NA
"SAGASA",5,2008,1.011,11.29,8,107,7.56,NA
"SAGASA",5,2009,1.9972,10.91,7.89,109,10.75,NA
"SAGASA",5,2010,1.176,10.48,7.53,125,13.33,NA
"SAGASA",5,2011,4.073,10.79,7.83,95,11.86,NA
"SAGASA",5,2012,2.5,11.22,8,114,9.88,0.9
"SAGASA",5,2013,1.003,10.51,7.72,112,12.72,0.67
"SAGASA",5,2014,3.05,10.95,7.89,110,11.32,0.65
"SAGASA",6,2006,6.746,10.67,7.89,99,11.65,NA
"SAGASA",6,2007,1.305,11.22,8.06,120,9.47,NA
"SAGASA",6,2008,0.448,18.5,15.61,296,31.67,NA
"SAGASA",6,2009,0.463,10.55,7.91,137,12.27,NA
"SAGASA",6,2010,0.6468,10.29,8.1,139,13.94,NA
"SAGASA",6,2011,0.802,9.95,7.81,127,14.58,NA
"SAGASA",6,2012,0.87,10.43,7.85,128,13.1,0.17
"SAGASA",6,2013,1.552,10.67,8.02,118,12.05,0.4
"SAGASA",6,2014,0.669,10.82,7.91,138,14.43,0.36
"SAGASA",7,2006,1.796,9.68,8.18,124,16.46,NA
"SAGASA",7,2007,0.092,10.55,8.21,146,12.69,NA
"SAGASA",7,2008,0.4588,9.12,7.83,159,16.89,NA
"SAGASA",7,2009,0.8346,10.72,7.84,142,15.7,NA
"SAGASA",7,2010,0.154,17.37,15.98,338,40.79,NA
"SAGASA",7,2011,0.174,9.07,7.87,150,17.68,NA
"SAGASA",7,2012,0.209,9.78,7.89,164,15.88,0.03
"SAGASA",7,2013,2.831,9.91,7.77,126,16.83,0.82
"SAGASA",7,2014,0.379,9.36,7.5,162,16.98,0.34
"SAGASA",8,2006,0.35,9.75,8.59,144,15.35,NA
"SAGASA",8,2007,0.036,9.8,8.55,177,13.93,NA
"SAGASA",8,2008,NA,10.19,7.99,151,13.93,NA
"SAGASA",8,2009,0.834,9.16,7.85,154,17.94,NA
"SAGASA",8,2010,0.038,8.2,7.27,204,17.74,NA
"SAGASA",8,2011,0.533,9.94,7.98,151,14.35,NA
"SAGASA",8,2012,0.062,9.12,7.71,193,14.56,0.02
"SAGASA",8,2013,0.498,9.52,7.81,159,16.92,0.15
"SAGASA",8,2014,0.252,9.56,7.86,176,15.74,0.2
"SAGASA",9,2006,0.294,10.18,8.04,164,12.41,NA
"SAGASA",9,2007,0.14959,9.66,8.03,190,15.44,NA
"SAGASA",9,2008,NA,10.74,7.94,161,10.37,NA
"SAGASA",9,2010,0.009,7.72,7.85,234,17.38,NA
"SAGASA",9,2011,1.197,10.7,7.72,118,11.93,NA
"SAGASA",9,2012,NA,11.17,8.11,221,9.38,3.79
"SAGASA",9,2013,0.165,9.21,7.72,204,15.76,NA
"SAGASA",9,2014,0.08,11.09,7.97,194,9.31,0.04
"SAGASA",10,2006,0.37423,10.76,8.39,116,10.25,NA
"SAGASA",10,2007,1.861,10.1,8.16,168,12.28,NA
"SAGASA",10,2008,0.464,10.95,7.98,171,9.59,NA
"SAGASA",10,2009,1.4619,22.18,16.09,295,18.19,NA
"SAGASA",10,2010,0.155,10.47,7.78,191,11.69,NA
"SAGASA",10,2011,1.652,10.25,7.93,121,11.22,NA
"SAGASA",10,2012,0.055,11.92,7.8,212,4.9,0.04
"SAGASA",10,2013,0.082,11.73,7.96,192,7.12,0.69
"SAGASA",10,2014,0.26,10.44,7.76,187,10.27,0.16
"SAGASB",4,2007,90.545,13.5,7.96,87,2.17,NA
"SAGASB",5,2007,30.506,11.42,7.86,122,9.92,NA
"SAGASB",5,2008,17.302,11.12,7.84,135,9.69,NA
"SAGASB",5,2009,39.3,10.49,7.93,135,13.17,NA
"SAGASB",5,2010,32.178,19.64,15.78,276,38.69,NA
"SAGASB",5,2011,71.072,10.47,7.83,104,13.68,NA
"SAGASB",5,2012,43.984,10.76,8.02,112,12.78,1.76
"SAGASB",5,2013,0.4301,10.31,8.01,139,17.01,NA
"SAGASB",5,2014,53.124,10.43,7.9,126,14.18,4.93
"SAGASB",6,2006,112.581,10.23,7.95,96,13.82,NA
"SAGASB",6,2007,35.883,10.62,8.03,117,12.03,NA
"SAGASB",6,2008,6.346,8.32,7.91,190,21.36,NA
"SAGASB",6,2009,10.556,9.67,7.83,156,16.33,NA
"SAGASB",6,2010,11.051,9.82,8.14,158,16.999,NA
"SAGASB",6,2011,10.943,8.7,7.86,147,19.52,NA
"SAGASB",6,2012,14.067,9.62,7.89,135,17.98,3.31
"SAGASB",6,2013,33.919,10.19,7.83,122,15.67,2.04
"SAGASB",6,2014,9.496,9.72,7.96,171,20.31,2.97
"SAGASB",7,2006,30.295,9.07,7.92,145,19.94,NA
"SAGASB",7,2007,3.176,9.47,8.01,170,17.91,NA
"SAGASB",7,2008,17.931,8.85,7.94,186,21.25,NA
"SAGASB",7,2009,14.6946,9.95,7.87,147,19.63,NA
"SAGASB",7,2010,2.1827,8.61,8.31,196,28.01,NA
"SAGASB",7,2011,4.878,8.28,7.91,173,23.08,NA
"SAGASB",7,2012,10.074,17.14,15.81,343,45.05,6.74
"SAGASB",7,2013,54.793,9.43,7.72,127,19.95,3.08
"SAGASB",7,2014,15.775,8.7,7.8,154,21.63,1.76
"SAGASB",8,2006,10.885,9.39,8.05,163,19.67,NA
"SAGASB",8,2007,2.942,8.38,8.11,187,18.61,NA
"SAGASB",8,2008,NA,9.89,7.94,167,16.63,NA
"SAGASB",8,2009,13.617,8.78,7.97,174,22.49,NA
"SAGASB",8,2010,2.536,7.47,7.21,211,22.92,NA
"SAGASB",8,2011,24.565,9.41,7.88,133,17.56,NA
"SAGASB",8,2012,NA,7.3,7.55,210,18.98,4.21
"SAGASB",8,2013,10.668,9.23,7.86,179,20.46,1.74
"SAGASB",8,2014,8.896,9.16,7.94,160,20.55,2.38
"SAGASB",9,2006,5.64,10.34,7.96,186,14.29,NA
"SAGASB",9,2007,6.268,8.97,7.89,200,17.99,NA
"SAGASB",9,2008,NA,10.27,7.88,183,13.12,NA
"SAGASB",9,2010,0.228,6.6,7.61,239,19.3,NA
"SAGASB",9,2011,24.223,10.83,7.74,142,14.26,NA
"SAGASB",9,2012,1.987,9.51,7.97,217,12.89,3.2
"SAGASB",9,2013,9.634,9.03,7.72,105,19.03,1.78
"SAGASB",9,2014,3.63,10.51,7.9,199,11.82,1.76
"SAGASB",10,2006,8.123,10.77,7.91,166,11.45,NA
"SAGASB",10,2007,20.38,9.98,7.99,160,13.21,NA
"SAGASB",10,2008,9.349,11.21,8,155,10.82,NA
"SAGASB",10,2009,24.54,22.45,16.09,340,20.42,NA
"SAGASB",10,2010,11.515,10.25,7.51,162,12.999,NA
"SAGASB",10,2012,NA,10.51,7.69,198,6.57,2.24
"SAGASB",10,2013,3.547,12.26,7.96,194,7.27,1.31
"SAGASB",10,2014,7.81,10.8,7.62,166,10.11,1.23
"SAIRSA",5,2012,NA,8.97,7.25,485,14.64,3.37
"SAIRSA",5,2013,NA,8.52,7.36,638,15.13,3.1
"SAIRSA",5,2014,25,9.08,7.42,786,16.3,2.21
"SAIRSA",8,2012,NA,7.68,7.05,216,19.68,5.1
"SAIRSA",8,2013,NA,8.34,7.54,713,19.97,2.51
"SAIRSA",8,2014,10,8.04,7.34,777,22.38,2.85
"SAIRSB",5,2007,NA,9.88,6.99,826,12.03,NA
"SAIRSB",5,2008,NA,10.37,7.64,649,14.86,NA
"SAIRSB",5,2009,NA,9.38,7.42,641,14.73,NA
"SAIRSB",5,2010,NA,17.75,15.73,1228,43.69,NA
"SAIRSB",5,2011,NA,9.82,7.43,664,13,NA
"SAIRSB",5,2012,NA,7.94,7.24,477,14.65,3.12
"SAIRSB",5,2013,NA,8.13,7.28,1020,15.97,3.92
"SAIRSB",5,2014,NA,9.08,7.49,787,16.34,2.85
"SAIRSB",8,2007,NA,8.13,7.89,1174,15.99,NA
"SAIRSB",8,2008,NA,7.73,7.44,639,18.22,NA
"SAIRSB",8,2009,NA,0.72,7.03,26801,26.67,NA
"SAIRSB",8,2010,NA,4.5,7.46,35588,25.45,NA
"SAIRSB",8,2011,NA,8.48,7.35,609,19.66,NA
"SAIRSB",8,2012,NA,7.57,7.27,352,20.15,4.9
"SAIRSB",8,2013,NA,8.68,7.69,714,20.19,2.61
"SAIRSB",8,2014,NA,8.6,7.53,777,22.97,3.31
"SARASA",4,2007,15.189,12.45,7.96,281,6.93,NA
"SARASA",5,2006,NA,10.49,8.34,284,12.75,NA
"SARASA",5,2007,3.067,10.02,8.72,355,18.76,NA
"SARASA",5,2008,3.035,10.37,8.32,362,13.25,NA
"SARASA",5,2009,1.529,10.82,8.32,418,12.23,NA
"SARASA",5,2010,1.246,9.4,7.39,444,19.28,NA
"SARASA",5,2011,7.421,10.09,8.57,310,18.48,NA
"SARASA",5,2012,14.734,10.44,8.29,302,14.23,8.7
"SARASA",5,2013,2.042,10.27,8.43,406,15.15,6.46
"SARASA",5,2014,3.286,10.18,8.7,351,17.14,13
"SARASA",6,2006,11.2659,9.39,8.5,321,18.85,NA
"SARASA",6,2007,1.316,10.31,8.4,427,14.49,NA
"SARASA",6,2008,1.046,9.66,8.51,444,17.89,NA
"SARASA",6,2009,4.715,9.4,8.49,376,21.55,NA
"SARASA",6,2010,1.085,10.38,8.57,438,15.75,NA
"SARASA",6,2011,NA,19.34,15.69,350,35.01,NA
"SARASA",6,2012,5.385,10.12,8.29,343,16.55,23.4
"SARASA",6,2013,NA,9.69,7.9,205,16.26,1126
"SARASA",6,2014,8.581,9.24,8.28,399,21.47,42.8
"SARASA",7,2006,3.44,18.13,16.67,441,42.27,NA
"SARASA",7,2007,15.389,9.13,8.18,286,19.23,NA
"SARASA",7,2008,NA,9.16,8.23,429,18.84,NA
"SARASA",7,2009,NA,9.04,7.88,133,18.35,NA
"SARASA",7,2010,0.405,9.85,NA,466,23.39,NA
"SARASA",7,2011,0.889,8.76,8.51,438,23.09,NA
"SARASA",7,2012,0.768,10.24,8.45,491,19.87,21.5
"SARASA",7,2013,7.063,8.61,8.14,309,23.44,20
"SARASA",7,2014,1.03,9.03,8.36,441,21.49,10.4
"SARASA",8,2006,2.214,10.01,8.37,222,19.51,NA
"SARASA",8,2007,1.039,8.51,8.41,475,23.06,NA
"SARASA",8,2008,NA,10.17,8.25,390,14.86,NA
"SARASA",8,2009,4.2545,10.03,8.33,364,16.6,NA
"SARASA",8,2010,0.843,10.04,7.63,449,19.87,NA
"SARASA",8,2011,4.186,9.15,8.45,387,19.67,NA
"SARASA",8,2012,0.643,10.65,8.44,530,17.08,8.2
"SARASA",8,2013,1.779,9.67,8.31,425,17.93,21.7
"SARASA",8,2014,NA,9.45,8.46,484,19.4,6.73
"SARASA",9,2006,1.121,11.25,8.33,458,11.91,NA
"SARASA",9,2007,0.529,9.92,8.29,497,18.13,NA
"SARASA",9,2008,NA,11.09,8.22,486,10.22,NA
"SARASA",9,2010,0.324,10.11,8.46,504,16.03,NA
"SARASA",9,2011,4.538,10.3,8.45,368,16.62,NA
"SARASA",9,2012,2.896,11.4,8.15,422,11.44,26.6
"SARASA",9,2013,1.232,10.35,8.33,459,13.84,16.8
"SARASA",9,2014,0.17,11.47,8.42,495,13.18,5.63
"SARASA",10,2006,3.189,10.55,8.32,433,13.12,NA
"SARASA",10,2007,0.559,10.06,8.27,509,16.73,NA
"SARASA",10,2008,0.931,12.11,8.44,482,13.54,NA
"SARASA",10,2009,3.021,25.25,17.51,869,19.89,NA
"SARASA",10,2010,5.523,10.49,8.1,350,13.17,NA
"SARASA",10,2011,5.622,12.34,8.5,378,9.09,NA
"SARASA",10,2012,2.068,12.44,8.43,429,7.74,5.19
"SARASA",10,2013,2.084,13.73,8.6,435,9.05,6.82
"SARASA",10,2014,1.31,9.25,8.05,450,16.9,22.8
"SARASB",4,2007,0.786,13.17,7.89,293,3.88,NA
"SARASB",5,2006,NA,9.99,8.2,234,13.31,NA
"SARASB",5,2007,0.048,10.52,8.26,457,16.36,NA
"SARASB",5,2008,0.03,9.86,8.18,377,12.62,NA
"SARASB",5,2009,0.0527,9.8,8.23,551,12.61,NA
"SARASB",5,2010,NA,16.55,16.01,1247,38.88,NA
"SARASB",5,2011,NA,9.38,8.3,384,19.74,NA
"SARASB",5,2012,0.146,9.74,8.23,426,14.68,26.7
"SARASB",5,2013,NA,9.28,8.09,532,14.67,3.36
"SARASB",6,2006,0.097,9.13,8.34,382,17.11,NA
"SARASB",6,2007,0.052,9.67,8.33,495,15.45,NA
"SARASB",6,2008,NA,8.23,8.08,346,17.29,NA
"SARASB",6,2010,NA,9.78,8.42,610,15.34,NA
"SARASB",6,2011,0.0251,9.3,7.99,284,16.7,NA
"SARASB",6,2012,NA,8.83,8.2,498,17.34,4.25
"SARASB",6,2013,47.669,9.59,7.98,122,16.12,NA
"SARASB",7,2006,0.034,8.25,8.17,425,21.38,NA
"SARASB",7,2007,0.098,8.84,8.2,415,19.88,NA
"SARASB",7,2008,NA,7.81,8.15,498,21.21,NA
"SARASB",7,2009,0.211,8.16,8.07,302,22.21,NA
"SARASB",7,2010,NA,15.7,14.73,1021,48.18,NA
"SARASB",7,2011,NA,6.75,8.09,486,19.97,NA
"SARASB",7,2012,NA,6.28,7.89,535,18.73,9.85
"SARASB",7,2013,0.307,8.46,8.06,339,22.77,37.3
"SARASB",8,2006,0.025,8.44,8.04,418,17.87,NA
"SARASB",8,2007,NA,7.39,8.08,403,23.13,NA
"SARASB",8,2008,NA,8.63,8.03,406,17.72,NA
"SARASB",8,2009,0.068,9.47,8.27,405,16.51,NA
"SARASB",8,2010,NA,8.33,7.4,524,19.72,NA
"SARASB",8,2011,0,8.95,8.37,435,18.81,NA
"SARASB",8,2012,NA,7.2,8.09,581,15.93,8.49
"SARASB",8,2013,NA,8.91,8.28,415,17.52,2.13
"SARASB",9,2006,NA,9.1,8.08,487,12.9,NA
"SARASB",9,2008,NA,9.82,8.12,427,13.31,NA
"SARASB",9,2010,NA,4.92,8.04,527,15.22,NA
"SARASB",9,2011,0.088,9.52,8.1,433,16.49,NA
"SARASB",9,2012,NA,11.08,7.96,528,9.17,16.7
"SARASB",9,2013,-0.002,9.41,8.17,274,13.21,6.29
"SARASB",10,2006,0.194,9.18,8,469,12.54,NA
"SARASB",10,2008,NA,7.68,7.92,490,14.4,NA
"SARASB",10,2009,NA,20.46,16.63,1007,18.03,NA
"SARASB",10,2010,1.2969,10.15,7.79,404,12.66,NA
"SARASB",10,2011,0.067,10.88,7.88,464,8.22,NA
"SARASB",10,2012,0.028,11.96,7.93,500,6,6.93
"SARASB",10,2013,NA,10.69,8.01,475,7.76,2.46
"SARASC",4,2007,1.827,12.25,7.47,302,3.72,NA
"SARASC",5,2006,NA,10.28,8.28,245,14.06,NA
"SARASC",5,2007,0.107,11.26,8.36,371,17.49,NA
"SARASC",5,2008,0.068,8.49,8.01,427,17.22,NA
"SARASC",5,2009,NA,8.41,7.83,489,12.95,NA
"SARASC",5,2010,NA,3.4,7.29,527,18.96,NA
"SARASC",5,2011,0.438,9.59,8.13,385,19.31,NA
"SARASC",5,2012,1.338,6.85,7.59,351,19.18,3.88
"SARASC",5,2013,0.106,9.56,7.84,446,14.22,5.42
"SARASC",5,2014,0.257,10.5,7.93,442,14.35,7.13
"SARASC",6,2006,1.573,9.82,8.24,334,15.43,NA
"SARASC",6,2007,0.032,8.57,8.01,521,17.08,NA
"SARASC",6,2008,NA,3.14,7.39,604,17.6,NA
"SARASC",6,2009,0.119,8.39,7.9,516,20.12,NA
"SARASC",6,2010,0.0128,6.84,7.83,606,15.71,NA
"SARASC",6,2011,0.546,3.81,7.42,441,17.23,NA
"SARASC",6,2012,0.112,8.83,7.84,406,18.23,4.26
"SARASC",6,2013,12.254,7.85,7.39,245,16.86,8.27
"SARASC",6,2014,0.518,8.17,7.77,417,23.1,9.77
"SARASC",7,2006,0.198,7.43,8.01,482,23.92,NA
"SARASC",7,2007,0.457,7.96,7.78,347,20.42,NA
"SARASC",7,2009,1.379,3.23,7.36,328,23.31,NA
"SARASC",7,2010,NA,6.35,10.57,518,26.27,NA
"SARASC",7,2011,NA,6.9,7.87,518,20.05,NA
"SARASC",7,2012,NA,17.63,8.27,524,23.9,1.67
"SARASC",7,2013,1.981,7.58,7.59,361,23.1,4.05
"SARASC",7,2014,NA,3.84,7.43,526,21.4,3.4
"SARASC",8,2006,NA,7.78,7.87,484,17.58,NA
"SARASC",8,2007,0.022,8.16,7.94,486,23.73,NA
"SARASC",8,2008,NA,8.63,7.91,551,15.04,NA
"SARASC",8,2009,0.177,7.4,7.72,465,16.75,NA
"SARASC",8,2010,NA,2.999,6.78,568,20.44,NA
"SARASC",8,2012,NA,5.96,7.65,496,15.48,4.2
"SARASC",8,2013,NA,7.57,7.66,510,16.85,2.07
"SARASC",8,2014,NA,8.12,7.92,329,18.04,3.77
"SARASC",9,2006,NA,8.81,8,626,12.36,NA
"SARASC",9,2008,NA,6.07,7.55,592,13.29,NA
"SARASC",9,2010,NA,8.48,7.97,661,16.6,NA
"SARASC",9,2011,0.594,8.24,7.66,468,16.74,NA
"SARASC",9,2012,NA,21.33,15.42,1004,21.29,5.16
"SARASC",9,2013,0.043,9.08,7.77,496,13.45,6.57
"SARASC",9,2014,0,7.59,7.58,662,13.11,5.58
"SARASC",10,2006,0.482,8.71,7.93,526,12.9,NA
"SARASC",10,2008,NA,4.6,7.64,766,12.24,NA
"SARASC",10,2009,0.19,19.65,16.17,1192,17.43,NA
"SARASC",10,2010,0.3922,7.42,7.49,470,13.01,NA
"SARASC",10,2011,0.261,11.05,7.09,461,6.52,NA
"SARASC",10,2012,0.171,10.87,7.58,491,4.63,0.86
"SARASC",10,2013,0.103,11.25,7.9,547,6.7,2.46
"SARASC",10,2014,0.17,4.94,7.37,943,16.85,5.37
"SARASD",5,2006,NA,10.23,8.35,246,14.27,NA
"SARASD",5,2007,0.721,11.06,8.21,329,12.22,NA
"SARASD",5,2008,0.527,11.14,8.63,308,15.63,NA
"SARASD",5,2009,0.4433,10.86,8.23,372,12.5,NA
"SARASD",5,2010,0.1667,8.47,7.11,388,22.7,NA
"SARASD",5,2011,0.0533,9.95,8.41,326,19.5,NA
"SARASD",5,2012,3.617,11.06,8.2,320,12.26,4.2
"SARASD",5,2013,0.464,10.48,8.29,385,15.54,8.06
"SARASD",5,2014,0.902,12.17,8.52,343,15.44,18.9
"SARASD",6,2006,2.193,9.91,8.3,335,15.8,NA
"SARASD",6,2007,0.319,9.73,8.2,363,14.77,NA
"SARASD",6,2008,0.092,9.46,7.97,315,14.87,NA
"SARASD",6,2009,0.567,9.4,8.29,364,20.04,NA
"SARASD",6,2010,0.5128,20.01,16.72,837,31.08,NA
"SARASD",6,2011,NA,9.28,7.7,138,17.46,NA
"SARASD",6,2012,1.001,10.22,8.07,322,15.12,15.2
"SARASD",6,2013,54.203,9.62,7.87,164,15.76,90.2
"SARASD",6,2014,3.69,9.37,8.02,259,19.18,52
"SARASD",7,2006,0.59,8.77,8.29,382,20.75,NA
"SARASD",7,2007,4.058,9.09,8.13,246,18.82,NA
"SARASD",7,2010,0.087,8.97,11.13,228,25.06,NA
"SARASD",7,2011,0.166,9.99,8.34,356,21.45,NA
"SARASD",7,2012,NA,9.03,8.01,371,19.41,8.33
"SARASD",7,2013,5.905,8.94,8.05,285,21.46,23.9
"SARASD",7,2014,0.106,8.51,7.81,332,20.12,47.31
"SARASD",8,2006,0.373,9.83,8.23,363,19.77,NA
"SARASD",8,2007,0.126,8.02,8.18,390,19.13,NA
"SARASD",8,2008,NA,9.89,8.22,376,17.59,NA
"SARASD",8,2010,0.142,9.87,7.52,325,21.19,NA
"SARASD",8,2011,0.0208,11.45,8.28,372,18.23,NA
"SARASD",8,2012,NA,9.37,8.17,391,18.68,4.02
"SARASD",8,2013,0.307,10.09,8.06,365,16.58,22
"SARASD",8,2014,NA,10.57,8.21,336,17.09,19.6
"SARASD",9,2006,0.251,9.86,8.09,448,11.02,NA
"SARASD",9,2007,NA,9.12,8.42,395,17.42,NA
"SARASD",9,2008,0.19539,10.67,7.83,357,10.62,NA
"SARASD",9,2009,0.69,10.02,8.16,355,14.07,NA
"SARASD",9,2010,0.065,9,7.93,353,16.76,NA
"SARASD",9,2011,1.185,10.38,8.25,376,16.98,NA
"SARASD",9,2013,0.219,10.92,8.11,373,13.07,14.6
"SARASD",9,2014,0.06,11.55,8.22,337,13.75,13.5
"SARASD",10,2006,2.255,10.05,8.17,424,12.78,NA
"SARASD",10,2007,NA,6.67,7.73,400,15.87,NA
"SARASD",10,2008,0.13609,10.64,7.93,426,12.07,NA
"SARASD",10,2009,NA,24.73,17.13,811,19.61,NA
"SARASD",10,2010,1.1061,10.16,8.02,338,13.26,NA
"SARASD",10,2011,1.161,14.11,8.45,380,10.62,NA
"SARASD",10,2012,0.484,13.82,8.33,374,7.49,4.21
"SARASD",10,2013,0.348,13.76,8.4,385,8.74,13.7
"SARASD",10,2014,0.76,7.52,7.35,309,16.82,25.8
